78,"Aπό το τελευταίο μπιπ, υπήρχε αλληλεπίδραση με το παιδί σου που συμμετέχει στην έρευνα, είτε με φυσική παρουσία είτε μέσω τηλεφώνου ή διαδικτυακά;","{Ναί,Όχι}",1,parent,single,C,30
43,Αν ναί... Φέρε στο μυαλό σου την πιο πρόσφατη αλληλεπίδραση με αυτό το παιδί σου,"{Σπίτι,Σχολείο,Αυτοκίνητο,Αλλού με Φυσική Παρουσία,Διαδικτυακά, τηλεφωνικώς, ή με μηνύματα}",true,parent,multiple,B,30
79,Αν ναί... Φέρε στο μυαλό σου την πιο πρόσφατη αλληλεπίδραση με αυτό το παιδί σου,"{Σπίτι,Σχολείο,Αυτοκίνητο,Αλλού με Φυσική Παρουσία,Διαδικτυακά, τηλεφωνικώς, ή με μηνύματα}",true,parent,multiple,C,30
45,Tι αφορούσε η αλληλεπίδραση;,"{Σχέσεις του παιδιού στην οικογένεια,Σχέσεις του παιδιού με φίλους,Σχέσεις του παιδιού για το άτομο που το ενδιαφέρει,Σχολείο και Διάβασμα,Ιατρικά θέματα στην οικογένεια,Συναισθηματικές δυσκολίες στην οικογένεια,Άλλο}",true,parent,multiple,B,30
81,Tι αφορούσε η αλληλεπίδραση;,"{Σχέσεις του παιδιού στην οικογένεια,Σχέσεις του παιδιού με φίλους,Σχέσεις του παιδιού για το άτομο που το ενδιαφέρει,Σχολείο και Διάβασμα,Ιατρικά θέματα στην οικογένεια,Συναισθηματικές δυσκολίες στην οικογένεια,Άλλο}",true,parent,multiple,C,30
10,"Πως αισθάνθηκες, στο πλαίσιο της αλληλεπίδρασης;","{Θυμωμένος,Χαρούμενος,Συγκεντρωμένος,Αγχωμένος,Ήρεμος,Απογοητευμένος}",true,parent,single,A,30
46,"Πως αισθάνθηκες, στο πλαίσιο της αλληλεπίδρασης;","{Θυμωμένος,Χαρούμενος,Συγκεντρωμένος,Αγχωμένος,Ήρεμος,Απογοητευμένος}",true,parent,single,B,30
122,"Από το τελευταίο μπιπ, είχες οποιαδήποτε δυσκολία που να σχετίζεται με:","{Σχέση με τους γονείς μου,Σχέση με τα αδέρφια μου,Ιατρικά θέματα άλλων μελών της οικογένειας,Δικά μου ιατρικά θέματα,Συναισθηματικές δυσκολίες άλλων μελών της οικογένειας,Δικές μου συναισθηματικές δυσκολίες,Σχέση με το άτομο που με ενδιαφέρει,Σχέση με τους συμμαθητές και φίλους μου,Σχέση με τους καθηγητές μου,Δυσκολίες που αφορούν την επίδοση μου,Δυσκολίες που αφορούν το διάβασμα,Οικονομικές Δυσκολίες,Αγωνίες για το μέλλον,Άλλη δυσκολία}",0,child,multiple,A,30
123,"Πως αισθάνθηκες, κατά τη διάρκεια αυτών των δυσκολίων;","{Θυμωμένος,Χαρούμενος,Συγκεντρωμένος,Αγχωμένος,Απογοητευμένος,Ήρεμος}",0,child,single,A,30
117,"Αν ΝΑΙ, πως θα περιέγραφες την μαθησιακή σου απόδοση; | Μπορούσα να τελειώσω τις εργασίες μου. ","{Δεν ισχύει καθόλου 0,Ισχύει σε μέτριο βαθμό 1,Ισχύει πάρα πολύ 2}",true,child,single,A,30
118,"Αν ΝΑΙ, πως θα περιέγραφες την μαθησιακή σου απόδοση; | Μπορούσα να διαχειριστώ το άγχος μου κατά τη διάρκεια του μαθήματος ή της μελέτης.","{Δεν ισχύει καθόλου  0,Ισχύει σε μέτριο βαθμό  1,Ισχύει πάρα πολύ  2}",true,child,single,A,30
124,"Προσπάθησε να φέρεις κατά νου, τι σκέφτηκες και έκανες τα πρώτα λεπτά μετά τις δυσκολίες που ανέφερες πιο πριν. Σε ποιο βαθμό ισχύουν τα πιο κάτω όσον αφορά το τρόπο με τον οποίο διαχειρίστηκες τις δυσκολίες αυτές: | Είπα και έδειξα το πως πραγματικά αισθανόμουν.","{Δεν ισχύει καθόλου 0,Ισχύει σε μέτριο βαθμό 1,Ισχύει πάρα πολύ 2}",0,child,single,A,30
125,"Προσπάθησε να φέρεις κατά νου, τι σκέφτηκες και έκανες τα πρώτα λεπτά μετά τις δυσκολίες που ανέφερες πιο πριν. Σε ποιο βαθμό ισχύουν τα πιο κάτω όσον αφορά το τρόπο με τον οποίο διαχειρίστηκες τις δυσκολίες αυτές: | Σκεφτόμουν εκείνη τη στιγμή ότι δεν είμαι καλός/η σε τίποτα.","{Δεν ισχύει καθόλου  0,Ισχύει σε μέτριο βαθμό  1,Ισχύει πάρα πολύ  2}",0,child,single,A,30
126,"Προσπάθησε να φέρεις κατά νου, τι σκέφτηκες και έκανες τα πρώτα λεπτά μετά τις δυσκολίες που ανέφερες πιο πριν. Σε ποιο βαθμό ισχύουν τα πιο κάτω όσον αφορά το τρόπο με τον οποίο διαχειρίστηκες τις δυσκολίες αυτές: | Είπα και έδειξα το πως πραγματικά αισθανόμουν.","{Δεν ισχύει καθόλου 0,Ισχύει σε μέτριο βαθμό 1,Ισχύει πάρα πολύ 2}",0,child,single,A,30
1,Πως θα περιέγραφες την κατάσταση σου αυτή τη στιγμή; | Χαρούμενος/η και με καλή διάθεση,"{Δεν ισχύει καθόλου  0,Ισχύει σε μέτριο βαθμό  1,Ισχύει πάρα πολύ  2}",0,parent,single,A,30
2,Πως θα περιέγραφες την κατάσταση σου αυτή τη στιγμή; | Ήρεμος/η και γαλήνιος/α,"{Δεν ισχύει καθόλου 0,Ισχύει σε μέτριο βαθμό 1,Ισχύει πάρα πολύ 2}",0,parent,single,A,30
127,"Προσπάθησε να φέρεις κατά νου, τι σκέφτηκες και έκανες τα πρώτα λεπτά μετά τις δυσκολίες που ανέφερες πιο πριν. Σε ποιο βαθμό ισχύουν τα πιο κάτω όσον αφορά το τρόπο με τον οποίο διαχειρίστηκες τις δυσκολίες αυτές: | Απομακρύνθηκα από τους άλλους ώστε να μείνω μόνος/η.","{Δεν ισχύει καθόλου  0,Ισχύει σε μέτριο βαθμό  1,Ισχύει πάρα πολύ  2}",0,child,single,A,30
128,"Προσπάθησε να φέρεις κατά νου, τι σκέφτηκες και έκανες τα πρώτα λεπτά μετά τις δυσκολίες που ανέφερες πιο πριν. Σε ποιο βαθμό ισχύουν τα πιο κάτω όσον αφορά το τρόπο με τον οποίο διαχειρίστηκες τις δυσκολίες αυτές: | Είπα ξεκάθαρα τη δική μου άποψη.","{Δεν ισχύει καθόλου 0,Ισχύει σε μέτριο βαθμό 1,Ισχύει πάρα πολύ 2}",0,child,single,A,30
129,"Προσπάθησε να φέρεις κατά νου, τι σκέφτηκες και έκανες τα πρώτα λεπτά μετά τις δυσκολίες που ανέφερες πιο πριν. Σε ποιο βαθμό ισχύουν τα πιο κάτω όσον αφορά το τρόπο με τον οποίο διαχειρίστηκες τις δυσκολίες αυτές: | Ζήτησα βοήθεια ή και συμβουλές  από άλλους για το τι να κάνω.","{Δεν ισχύει καθόλου  0,Ισχύει σε μέτριο βαθμό  1,Ισχύει πάρα πολύ  2}",0,child,single,A,30
130,"Προσπάθησε να φέρεις κατά νου, τι σκέφτηκες και έκανες τα πρώτα λεπτά μετά τις δυσκολίες που ανέφερες πιο πριν. Σε ποιο βαθμό ισχύουν τα πιο κάτω όσον αφορά το τρόπο με τον οποίο διαχειρίστηκες τις δυσκολίες αυτές: | Άκουσα τι λένε οι άλλοι και προσπάθησα να καταλάβω την άποψη τους.","{Δεν ισχύει καθόλου 0,Ισχύει σε μέτριο βαθμό 1,Ισχύει πάρα πολύ 2}",0,child,single,A,30
131,"Προσπάθησε να φέρεις κατά νου, τι σκέφτηκες και έκανες τα πρώτα λεπτά μετά τις δυσκολίες που ανέφερες πιο πριν. Σε ποιο βαθμό ισχύουν τα πιο κάτω όσον αφορά το τρόπο με τον οποίο διαχειρίστηκες τις δυσκολίες αυτές: | Ένιωσα ότι άλλα άτομα έφταιγαν για αυτό που συμβαίνει.","{Δεν ισχύει καθόλου  0,Ισχύει σε μέτριο βαθμό  1,Ισχύει πάρα πολύ  2}",0,child,single,A,30
132,"Προσπάθησε να φέρεις κατά νου, τι σκέφτηκες και έκανες τα πρώτα λεπτά μετά τις δυσκολίες που ανέφερες πιο πριν. Σε ποιο βαθμό ισχύουν τα πιο κάτω όσον αφορά το τρόπο με τον οποίο διαχειρίστηκες τις δυσκολίες αυτές: | Προσπάθησα να οργανώσω όσα έπρεπε να κάνω βάζοντας προτεραιότητες.","{Δεν ισχύει καθόλου 0,Ισχύει σε μέτριο βαθμό 1,Ισχύει πάρα πολύ 2}",0,child,single,A,30
133,"Προσπάθησε να φέρεις κατά νου, τι σκέφτηκες και έκανες τα πρώτα λεπτά μετά τις δυσκολίες που ανέφερες πιο πριν. Σε ποιο βαθμό ισχύουν τα πιο κάτω όσον αφορά το τρόπο με τον οποίο διαχειρίστηκες τις δυσκολίες αυτές: | Απέφυγα να κάνω κάτι που μου άρεσε ή ήταν σημαντικό για εμένα.","{Δεν ισχύει καθόλου  0,Ισχύει σε μέτριο βαθμό  1,Ισχύει πάρα πολύ  2}",0,child,single,A,30
134,"Προσπάθησε να φέρεις κατά νου, τι σκέφτηκες και έκανες τα πρώτα λεπτά μετά τις δυσκολίες που ανέφερες πιο πριν. Σε ποιο βαθμό ισχύουν τα πιο κάτω όσον αφορά το τρόπο με τον οποίο διαχειρίστηκες τις δυσκολίες αυτές: | Σκεφτόμουν όλους τους τρόπους με τους οποίους η κατάσταση μπορεί να χειροτερέψει.","{Δεν ισχύει καθόλου 0,Ισχύει σε μέτριο βαθμό 1,Ισχύει πάρα πολύ 2}",0,child,single,A,30
135,"Προσπάθησε να φέρεις κατά νου, τι σκέφτηκες και έκανες τα πρώτα λεπτά μετά τις δυσκολίες που ανέφερες πιο πριν. Σε ποιο βαθμό ισχύουν τα πιο κάτω όσον αφορά το τρόπο με τον οποίο διαχειρίστηκες τις δυσκολίες αυτές: | Προσπάθησα να καταλάβω τι πραγματικά νιώθω.","{Δεν ισχύει καθόλου  0,Ισχύει σε μέτριο βαθμό  1,Ισχύει πάρα πολύ  2}",0,child,single,A,30
136,"Προσπάθησε να φέρεις κατά νου, τι σκέφτηκες και έκανες τα πρώτα λεπτά μετά τις δυσκολίες που ανέφερες πιο πριν. Σε ποιο βαθμό ισχύουν τα πιο κάτω όσον αφορά το τρόπο με τον οποίο διαχειρίστηκες τις δυσκολίες αυτές: | Ενέπλεξα κάποιον άλλο ώστε να κάνει κάτι για εμένα.","{Δεν ισχύει καθόλου 0,Ισχύει σε μέτριο βαθμό 1,Ισχύει πάρα πολύ 2}",0,child,single,A,30
19,"Κατά την αλληλεπίδραση με το παιδί σου, σε ποιο βαθμό ισχύουν τα πιο κάτω, στην προσπάθεια σου να διαχειριστείς τα συναισθήματα, σκέψεις, και συμπεριφορά σου: | Σκέφτηκα εκείνη την στιγμή ότι δεν ήμουν καλός/ή σε τίποτα.","{Δεν ισχύει καθόλου  0,Ισχύει σε μέτριο βαθμό  1,Ισχύει πάρα πολύ  2}",0,parent,single,A,30
137,"Προσπάθησε να φέρεις κατά νου, τι σκέφτηκες και έκανες τα πρώτα λεπτά μετά τις δυσκολίες που ανέφερες πιο πριν. Σε ποιο βαθμό ισχύουν τα πιο κάτω όσον αφορά το τρόπο με τον οποίο διαχειρίστηκες τις δυσκολίες αυτές: | Προσπάθησα να σπάσω αυτό που κάνω σε μικρότερα μέρη.","{Δεν ισχύει καθόλου  0,Ισχύει σε μέτριο βαθμό  1,Ισχύει πάρα πολύ  2}",0,child,single,A,30
138,"Προσπάθησε να φέρεις κατά νου, τι σκέφτηκες και έκανες τα πρώτα λεπτά μετά τις δυσκολίες που ανέφερες πιο πριν. Σε ποιο βαθμό ισχύουν τα πιο κάτω όσον αφορά το τρόπο με τον οποίο διαχειρίστηκες τις δυσκολίες αυτές: | Σκεφτόμουν όλη την ώρα πόσο άσχημο ήταν αυτό που συνέβη.","{Δεν ισχύει καθόλου 0,Ισχύει σε μέτριο βαθμό 1,Ισχύει πάρα πολύ 2}",0,child,single,A,30
139,"Προσπάθησε να φέρεις κατά νου, τι σκέφτηκες και έκανες τα πρώτα λεπτά μετά τις δυσκολίες που ανέφερες πιο πριν. Σε ποιο βαθμό ισχύουν τα πιο κάτω όσον αφορά το τρόπο με τον οποίο διαχειρίστηκες τις δυσκολίες αυτές: | Στήριξα τους άλλους γιατί είχαν μια δύσκολη στιγμή.","{Δεν ισχύει καθόλου  0,Ισχύει σε μέτριο βαθμό  1,Ισχύει πάρα πολύ  2}",0,child,single,A,30
140,"Προσπάθησε να φέρεις κατά νου, τι σκέφτηκες και έκανες τα πρώτα λεπτά μετά τις δυσκολίες που ανέφερες πιο πριν. Σε ποιο βαθμό ισχύουν τα πιο κάτω όσον αφορά το τρόπο με τον οποίο διαχειρίστηκες τις δυσκολίες αυτές: | Σκέφτηκα αρκετά πριν αποφασίσω τι να πράξω.","{Δεν ισχύει καθόλου 0,Ισχύει σε μέτριο βαθμό 1,Ισχύει πάρα πολύ 2}",0,child,single,A,30
141,"Προσπάθησε να φέρεις κατά νου, τι σκέφτηκες και έκανες τα πρώτα λεπτά μετά τις δυσκολίες που ανέφερες πιο πριν. Σε ποιο βαθμό ισχύουν τα πιο κάτω όσον αφορά το τρόπο με τον οποίο διαχειρίστηκες τις δυσκολίες αυτές: | Διατήρησα τον έλεγχο της συμπεριφοράς μου.","{Δεν ισχύει καθόλου  0,Ισχύει σε μέτριο βαθμό  1,Ισχύει πάρα πολύ  2}",0,child,single,A,30
142,"Προσπάθησε να φέρεις κατά νου, τι σκέφτηκες και έκανες τα πρώτα λεπτά μετά τις δυσκολίες που ανέφερες πιο πριν. Σε ποιο βαθμό ισχύουν τα πιο κάτω όσον αφορά το τρόπο με τον οποίο διαχειρίστηκες τις δυσκολίες αυτές: | Συνέχισα να προσπαθώ για το καλύτερο παρά τη δυσκολία.","{Δεν ισχύει καθόλου 0,Ισχύει σε μέτριο βαθμό 1,Ισχύει πάρα πολύ 2}",0,child,single,A,30
143,"Προσπάθησε να φέρεις κατά νου, τι σκέφτηκες και έκανες τα πρώτα λεπτά μετά τις δυσκολίες που ανέφερες πιο πριν. Σε ποιο βαθμό ισχύουν τα πιο κάτω όσον αφορά το τρόπο με τον οποίο διαχειρίστηκες τις δυσκολίες αυτές: | Σκεφτόμουν πως αντέδρασα και προσπάθησα να δω αν έπραξα σωστά ή λανθασμένα.","{Δεν ισχύει καθόλου  0,Ισχύει σε μέτριο βαθμό  1,Ισχύει πάρα πολύ  2}",0,child,single,A,30
144,"Προσπάθησε να φέρεις κατά νου, τι σκέφτηκες και έκανες τα πρώτα λεπτά μετά τις δυσκολίες που ανέφερες πιο πριν. Σε ποιο βαθμό ισχύουν τα πιο κάτω όσον αφορά το τρόπο με τον οποίο διαχειρίστηκες τις δυσκολίες αυτές: | Σκέφτηκα την κατάσταση με πιο θετικό τρόπο.","{Δεν ισχύει καθόλου 0,Ισχύει σε μέτριο βαθμό 1,Ισχύει πάρα πολύ 2}",0,child,single,A,30
145,"Προσπάθησε να φέρεις κατά νου, τι σκέφτηκες και έκανες τα πρώτα λεπτά μετά τις δυσκολίες που ανέφερες πιο πριν. Σε ποιο βαθμό ισχύουν τα πιο κάτω όσον αφορά το τρόπο με τον οποίο διαχειρίστηκες τις δυσκολίες αυτές: | Αποδέχτηκα την κατάσταση έτσι όπως ήταν.","{Δεν ισχύει καθόλου  0,Ισχύει σε μέτριο βαθμό  1,Ισχύει πάρα πολύ  2}",0,child,single,A,30
146,"Προσπάθησε να φέρεις κατά νου, τι σκέφτηκες και έκανες τα πρώτα λεπτά μετά τις δυσκολίες που ανέφερες πιο πριν. Σε ποιο βαθμό ισχύουν τα πιο κάτω όσον αφορά το τρόπο με τον οποίο διαχειρίστηκες τις δυσκολίες αυτές: | Είπα πράγματα για να εκτονώσω τα δυσάρεστα συναισθήματα μου.","{Δεν ισχύει καθόλου 0,Ισχύει σε μέτριο βαθμό 1,Ισχύει πάρα πολύ 2}",0,child,single,A,30
33,"Μετά την αλληλεπίδραση με το παιδί σου, σε ποιο βαθμό ισχύουν τα πιο κάτω: | Ζήτησα βοήθεια και υποστήριξη από κάποιον άλλο.","{Δεν ισχύει καθόλου  0,Ισχύει σε μέτριο βαθμό  1,Ισχύει πάρα πολύ  2}",0,parent,single,A,30
147,"Προσπάθησε να φέρεις κατά νου, τι σκέφτηκες και έκανες τα πρώτα λεπτά μετά τις δυσκολίες που ανέφερες πιο πριν. Σε ποιο βαθμό ισχύουν τα πιο κάτω όσον αφορά το τρόπο με τον οποίο διαχειρίστηκες τις δυσκολίες αυτές: | Έκανα την αγαπημένη μου δραστηριότητα για να χαλαρώσω και ηρεμήσω.","{Δεν ισχύει καθόλου  0,Ισχύει σε μέτριο βαθμό  1,Ισχύει πάρα πολύ  2}",0,child,single,A,30
148,"Προσπάθησε να φέρεις κατά νου, τι σκέφτηκες και έκανες τα πρώτα λεπτά μετά τις δυσκολίες που ανέφερες πιο πριν. Σε ποιο βαθμό ισχύουν τα πιο κάτω όσον αφορά το τρόπο με τον οποίο διαχειρίστηκες τις δυσκολίες αυτές: | Ήρθα σε επαφή (φυσική ή μέσω τηλεφώνου) με τους φίλους μου.","{Δεν ισχύει καθόλου 0,Ισχύει σε μέτριο βαθμό 1,Ισχύει πάρα πολύ 2}",0,child,single,A,30
149,Πως θα περιέγραφες την κατάσταση σου αυτή τη στιγμή; | Χαρούμενος/η και με καλή διάθεση,"{Δεν ισχύει καθόλου 0,Ισχύει σε μέτριο βαθμό 1,Ισχύει πάρα πολύ 2}",0,child,single,B,30
150,Πως θα περιέγραφες την κατάσταση σου αυτή τη στιγμή; | Ήρεμος/η και γαλήνιος/α,"{Δεν ισχύει καθόλου  0,Ισχύει σε μέτριο βαθμό  1,Ισχύει πάρα πολύ  2}",0,child,single,B,30
151,Πως θα περιέγραφες την κατάσταση σου αυτή τη στιγμή; | Ενεργητικός/η και δραστήριος/α,"{Δεν ισχύει καθόλου 0,Ισχύει σε μέτριο βαθμό 1,Ισχύει πάρα πολύ 2}",0,child,single,B,30
152,Πως θα περιέγραφες την κατάσταση σου αυτή τη στιγμή; | Φρέσκος/α και ξεκούραστος/η,"{Δεν ισχύει καθόλου  0,Ισχύει σε μέτριο βαθμό  1,Ισχύει πάρα πολύ  2}",0,child,single,B,30
153,Πως θα περιέγραφες την κατάσταση σου αυτή τη στιγμή; | Κάνω πράγματα που με ενδιαφέρουν,"{Δεν ισχύει καθόλου 0,Ισχύει σε μέτριο βαθμό 1,Ισχύει πάρα πολύ 2}",0,child,single,B,30
154,"Από το τελευταίο μπιπ, είχες σχολικές υποχρεώσεις ή υποχρεώσεις κατ' οίκον μελέτης η φροντιστηρίων;","{Nαί,Όχι}",1,child,single,B,30
155,"Αν ΝΑΙ, πως θα περιέγραφες την μαθησιακή σου απόδοση; | Έμαθα με επιτυχία το περιεχόμενο του μαθήματος. ","{Δεν ισχύει καθόλου 0,Ισχύει σε μέτριο βαθμό 1,Ισχύει πάρα πολύ 2}",true,child,single,B,30
156,"Αν ΝΑΙ, πως θα περιέγραφες την μαθησιακή σου απόδοση; | Ακόμη και όταν αποσπόταν η προσοχή μου συνέχισα να μαθαίνω.","{Δεν ισχύει καθόλου  0,Ισχύει σε μέτριο βαθμό  1,Ισχύει πάρα πολύ  2}",true,child,single,B,30
157,"Αν ΝΑΙ, πως θα περιέγραφες την μαθησιακή σου απόδοση; | Μπορούσα να τελειώσω τις εργασίες μου. ","{Δεν ισχύει καθόλου 0,Ισχύει σε μέτριο βαθμό 1,Ισχύει πάρα πολύ 2}",true,child,single,B,30
158,"Αν ΝΑΙ, πως θα περιέγραφες την μαθησιακή σου απόδοση; | Μπορούσα να διαχειριστώ το άγχος μου κατά τη διάρκεια του μαθήματος ή της μελέτης.","{Δεν ισχύει καθόλου  0,Ισχύει σε μέτριο βαθμό  1,Ισχύει πάρα πολύ  2}",true,child,single,B,30
159,"Από το τελευταίο μπιπ, που βρισκόσουν; ","{Σπίτι,Σχολείο,Φροντιστήρια,Εξωσχολικές Δραστηριότητες,Κάπου αλλού}",0,child,multiple,B,30
51,"Κατά την αλληλεπίδραση με το παιδί σου, σε ποιο βαθμό ισχύουν τα πιο κάτω, στην προσπάθεια σου να διαχειριστείς τα συναισθήματα, σκέψεις, και συμπεριφορά σου: | Πίστευα ότι μπορούσα να αντιμετωπίσω αποτελεσματικά αυτό που συνέβαινε.","{Δεν ισχύει καθόλου  0,Ισχύει σε μέτριο βαθμό  1,Ισχύει πάρα πολύ  2}",0,parent,single,B,30
160,Από το τελευταίο μπιπ υπήρχε αλληλεπίδραση με το πατέρα σου;,"{Ναι, ήμασταν μαζί στον ίδιο χώρο,Ναι, αλλά επικοινωνήσαμε μόνο διαδικτυακά, τηλεφωνικώς ή με μηνύματα,Όχι δεν είχαμε κάποια επικοινωνία}",0,child,single,B,30
162,"Από το τελευταίο μπιπ, είχες οποιαδήποτε δυσκολία που να σχετίζεται με:","{Σχέση με τους γονείς μου,Σχέση με τα αδέρφια μου,Ιατρικά θέματα άλλων μελών της οικογένειας,Δικά μου ιατρικά θέματα,Συναισθηματικές δυσκολίες άλλων μελών της οικογένειας,Δικές μου συναισθηματικές δυσκολίες,Σχέση με το άτομο που με ενδιαφέρει,Σχέση με τους συμμαθητές και φίλους μου,Σχέση με τους καθηγητές μου,Δυσκολίες που αφορούν την επίδοση μου,Δυσκολίες που αφορούν το διάβασμα,Οικονομικές Δυσκολίες,Αγωνίες για το μέλλον,Άλλη δυσκολία}",0,child,multiple,B,30
163,"Πως αισθάνθηκες, κατά τη διάρκεια αυτών των δυσκολίων;","{Θυμωμένος,Χαρούμενος,Συγκεντρωμένος,Αγχωμένος,Απογοητευμένος,Ήρεμος}",0,child,single,B,30
164,"Προσπάθησε να φέρεις κατά νου, τι σκέφτηκες και έκανες τα πρώτα λεπτά μετά τις δυσκολίες που ανέφερες πιο πριν. Σε ποιο βαθμό ισχύουν τα πιο κάτω όσον αφορά το τρόπο με τον οποίο διαχειρίστηκες τις δυσκολίες αυτές: | Είπα και έδειξα το πως πραγματικά αισθανόμουν.","{Δεν ισχύει καθόλου 0,Ισχύει σε μέτριο βαθμό 1,Ισχύει πάρα πολύ 2}",0,child,single,B,30
165,"Προσπάθησε να φέρεις κατά νου, τι σκέφτηκες και έκανες τα πρώτα λεπτά μετά τις δυσκολίες που ανέφερες πιο πριν. Σε ποιο βαθμό ισχύουν τα πιο κάτω όσον αφορά το τρόπο με τον οποίο διαχειρίστηκες τις δυσκολίες αυτές: | Σκεφτόμουν εκείνη τη στιγμή ότι δεν είμαι καλός/η σε τίποτα.","{Δεν ισχύει καθόλου  0,Ισχύει σε μέτριο βαθμό  1,Ισχύει πάρα πολύ  2}",0,child,single,B,30
166,"Προσπάθησε να φέρεις κατά νου, τι σκέφτηκες και έκανες τα πρώτα λεπτά μετά τις δυσκολίες που ανέφερες πιο πριν. Σε ποιο βαθμό ισχύουν τα πιο κάτω όσον αφορά το τρόπο με τον οποίο διαχειρίστηκες τις δυσκολίες αυτές: | Είπα και έδειξα το πως πραγματικά αισθανόμουν.","{Δεν ισχύει καθόλου 0,Ισχύει σε μέτριο βαθμό 1,Ισχύει πάρα πολύ 2}",0,child,single,B,30
167,"Προσπάθησε να φέρεις κατά νου, τι σκέφτηκες και έκανες τα πρώτα λεπτά μετά τις δυσκολίες που ανέφερες πιο πριν. Σε ποιο βαθμό ισχύουν τα πιο κάτω όσον αφορά το τρόπο με τον οποίο διαχειρίστηκες τις δυσκολίες αυτές: | Απομακρύνθηκα από τους άλλους ώστε να μείνω μόνος/η.","{Δεν ισχύει καθόλου  0,Ισχύει σε μέτριο βαθμό  1,Ισχύει πάρα πολύ  2}",0,child,single,B,30
168,"Προσπάθησε να φέρεις κατά νου, τι σκέφτηκες και έκανες τα πρώτα λεπτά μετά τις δυσκολίες που ανέφερες πιο πριν. Σε ποιο βαθμό ισχύουν τα πιο κάτω όσον αφορά το τρόπο με τον οποίο διαχειρίστηκες τις δυσκολίες αυτές: | Είπα ξεκάθαρα τη δική μου άποψη.","{Δεν ισχύει καθόλου 0,Ισχύει σε μέτριο βαθμό 1,Ισχύει πάρα πολύ 2}",0,child,single,B,30
169,"Προσπάθησε να φέρεις κατά νου, τι σκέφτηκες και έκανες τα πρώτα λεπτά μετά τις δυσκολίες που ανέφερες πιο πριν. Σε ποιο βαθμό ισχύουν τα πιο κάτω όσον αφορά το τρόπο με τον οποίο διαχειρίστηκες τις δυσκολίες αυτές: | Ζήτησα βοήθεια ή και συμβουλές  από άλλους για το τι να κάνω.","{Δεν ισχύει καθόλου  0,Ισχύει σε μέτριο βαθμό  1,Ισχύει πάρα πολύ  2}",0,child,single,B,30
170,"Προσπάθησε να φέρεις κατά νου, τι σκέφτηκες και έκανες τα πρώτα λεπτά μετά τις δυσκολίες που ανέφερες πιο πριν. Σε ποιο βαθμό ισχύουν τα πιο κάτω όσον αφορά το τρόπο με τον οποίο διαχειρίστηκες τις δυσκολίες αυτές: | Άκουσα τι λένε οι άλλοι και προσπάθησα να καταλάβω την άποψη τους.","{Δεν ισχύει καθόλου 0,Ισχύει σε μέτριο βαθμό 1,Ισχύει πάρα πολύ 2}",0,child,single,B,30
171,"Προσπάθησε να φέρεις κατά νου, τι σκέφτηκες και έκανες τα πρώτα λεπτά μετά τις δυσκολίες που ανέφερες πιο πριν. Σε ποιο βαθμό ισχύουν τα πιο κάτω όσον αφορά το τρόπο με τον οποίο διαχειρίστηκες τις δυσκολίες αυτές: | Ένιωσα ότι άλλα άτομα έφταιγαν για αυτό που συμβαίνει.","{Δεν ισχύει καθόλου  0,Ισχύει σε μέτριο βαθμό  1,Ισχύει πάρα πολύ  2}",0,child,single,B,30
172,"Προσπάθησε να φέρεις κατά νου, τι σκέφτηκες και έκανες τα πρώτα λεπτά μετά τις δυσκολίες που ανέφερες πιο πριν. Σε ποιο βαθμό ισχύουν τα πιο κάτω όσον αφορά το τρόπο με τον οποίο διαχειρίστηκες τις δυσκολίες αυτές: | Προσπάθησα να οργανώσω όσα έπρεπε να κάνω βάζοντας προτεραιότητες.","{Δεν ισχύει καθόλου 0,Ισχύει σε μέτριο βαθμό 1,Ισχύει πάρα πολύ 2}",0,child,single,B,30
173,"Προσπάθησε να φέρεις κατά νου, τι σκέφτηκες και έκανες τα πρώτα λεπτά μετά τις δυσκολίες που ανέφερες πιο πριν. Σε ποιο βαθμό ισχύουν τα πιο κάτω όσον αφορά το τρόπο με τον οποίο διαχειρίστηκες τις δυσκολίες αυτές: | Απέφυγα να κάνω κάτι που μου άρεσε ή ήταν σημαντικό για εμένα.","{Δεν ισχύει καθόλου  0,Ισχύει σε μέτριο βαθμό  1,Ισχύει πάρα πολύ  2}",0,child,single,B,30
65,"Στο πλαίσιο της αλληλεπίδρασης με το παιδί σου, σε πιο βαθμό ισχύουν τα πιο κάτω αναφορικά με τον τρόπο που επικοινωνήσατε: | Εκφράστηκα με έντονο τρόπο, ώστε να πείσω το παιδί μου για αυτό που πίστευα.","{Δεν ισχύει καθόλου  0,Ισχύει σε μέτριο βαθμό  1,Ισχύει πάρα πολύ  2}",0,parent,single,B,30
174,"Προσπάθησε να φέρεις κατά νου, τι σκέφτηκες και έκανες τα πρώτα λεπτά μετά τις δυσκολίες που ανέφερες πιο πριν. Σε ποιο βαθμό ισχύουν τα πιο κάτω όσον αφορά το τρόπο με τον οποίο διαχειρίστηκες τις δυσκολίες αυτές: | Σκεφτόμουν όλους τους τρόπους με τους οποίους η κατάσταση μπορεί να χειροτερέψει.","{Δεν ισχύει καθόλου 0,Ισχύει σε μέτριο βαθμό 1,Ισχύει πάρα πολύ 2}",0,child,single,B,30
175,"Προσπάθησε να φέρεις κατά νου, τι σκέφτηκες και έκανες τα πρώτα λεπτά μετά τις δυσκολίες που ανέφερες πιο πριν. Σε ποιο βαθμό ισχύουν τα πιο κάτω όσον αφορά το τρόπο με τον οποίο διαχειρίστηκες τις δυσκολίες αυτές: | Προσπάθησα να καταλάβω τι πραγματικά νιώθω.","{Δεν ισχύει καθόλου  0,Ισχύει σε μέτριο βαθμό  1,Ισχύει πάρα πολύ  2}",0,child,single,B,30
176,"Προσπάθησε να φέρεις κατά νου, τι σκέφτηκες και έκανες τα πρώτα λεπτά μετά τις δυσκολίες που ανέφερες πιο πριν. Σε ποιο βαθμό ισχύουν τα πιο κάτω όσον αφορά το τρόπο με τον οποίο διαχειρίστηκες τις δυσκολίες αυτές: | Ενέπλεξα κάποιον άλλο ώστε να κάνει κάτι για εμένα.","{Δεν ισχύει καθόλου 0,Ισχύει σε μέτριο βαθμό 1,Ισχύει πάρα πολύ 2}",0,child,single,B,30
177,"Προσπάθησε να φέρεις κατά νου, τι σκέφτηκες και έκανες τα πρώτα λεπτά μετά τις δυσκολίες που ανέφερες πιο πριν. Σε ποιο βαθμό ισχύουν τα πιο κάτω όσον αφορά το τρόπο με τον οποίο διαχειρίστηκες τις δυσκολίες αυτές: | Προσπάθησα να σπάσω αυτό που κάνω σε μικρότερα μέρη.","{Δεν ισχύει καθόλου  0,Ισχύει σε μέτριο βαθμό  1,Ισχύει πάρα πολύ  2}",0,child,single,B,30
178,"Προσπάθησε να φέρεις κατά νου, τι σκέφτηκες και έκανες τα πρώτα λεπτά μετά τις δυσκολίες που ανέφερες πιο πριν. Σε ποιο βαθμό ισχύουν τα πιο κάτω όσον αφορά το τρόπο με τον οποίο διαχειρίστηκες τις δυσκολίες αυτές: | Σκεφτόμουν όλη την ώρα πόσο άσχημο ήταν αυτό που συνέβη.","{Δεν ισχύει καθόλου 0,Ισχύει σε μέτριο βαθμό 1,Ισχύει πάρα πολύ 2}",0,child,single,B,30
179,"Προσπάθησε να φέρεις κατά νου, τι σκέφτηκες και έκανες τα πρώτα λεπτά μετά τις δυσκολίες που ανέφερες πιο πριν. Σε ποιο βαθμό ισχύουν τα πιο κάτω όσον αφορά το τρόπο με τον οποίο διαχειρίστηκες τις δυσκολίες αυτές: | Στήριξα τους άλλους γιατί είχαν μια δύσκολη στιγμή.","{Δεν ισχύει καθόλου  0,Ισχύει σε μέτριο βαθμό  1,Ισχύει πάρα πολύ  2}",0,child,single,B,30
180,"Προσπάθησε να φέρεις κατά νου, τι σκέφτηκες και έκανες τα πρώτα λεπτά μετά τις δυσκολίες που ανέφερες πιο πριν. Σε ποιο βαθμό ισχύουν τα πιο κάτω όσον αφορά το τρόπο με τον οποίο διαχειρίστηκες τις δυσκολίες αυτές: | Σκέφτηκα αρκετά πριν αποφασίσω τι να πράξω.","{Δεν ισχύει καθόλου 0,Ισχύει σε μέτριο βαθμό 1,Ισχύει πάρα πολύ 2}",0,child,single,B,30
181,"Προσπάθησε να φέρεις κατά νου, τι σκέφτηκες και έκανες τα πρώτα λεπτά μετά τις δυσκολίες που ανέφερες πιο πριν. Σε ποιο βαθμό ισχύουν τα πιο κάτω όσον αφορά το τρόπο με τον οποίο διαχειρίστηκες τις δυσκολίες αυτές: | Διατήρησα τον έλεγχο της συμπεριφοράς μου.","{Δεν ισχύει καθόλου  0,Ισχύει σε μέτριο βαθμό  1,Ισχύει πάρα πολύ  2}",0,child,single,B,30
182,"Προσπάθησε να φέρεις κατά νου, τι σκέφτηκες και έκανες τα πρώτα λεπτά μετά τις δυσκολίες που ανέφερες πιο πριν. Σε ποιο βαθμό ισχύουν τα πιο κάτω όσον αφορά το τρόπο με τον οποίο διαχειρίστηκες τις δυσκολίες αυτές: | Συνέχισα να προσπαθώ για το καλύτερο παρά τη δυσκολία.","{Δεν ισχύει καθόλου 0,Ισχύει σε μέτριο βαθμό 1,Ισχύει πάρα πολύ 2}",0,child,single,B,30
183,"Προσπάθησε να φέρεις κατά νου, τι σκέφτηκες και έκανες τα πρώτα λεπτά μετά τις δυσκολίες που ανέφερες πιο πριν. Σε ποιο βαθμό ισχύουν τα πιο κάτω όσον αφορά το τρόπο με τον οποίο διαχειρίστηκες τις δυσκολίες αυτές: | Σκεφτόμουν πως αντέδρασα και προσπάθησα να δω αν έπραξα σωστά ή λανθασμένα.","{Δεν ισχύει καθόλου  0,Ισχύει σε μέτριο βαθμό  1,Ισχύει πάρα πολύ  2}",0,child,single,B,30
83,"Κατά την αλληλεπίδραση με το παιδί σου, σε ποιο βαθμό ισχύουν τα πιο κάτω, στην προσπάθεια σου να διαχειριστείς τα συναισθήματα, σκέψεις, και συμπεριφορά σου: | Προσπάθησα να καταλάβω τι πραγματικά νιώθω.","{Δεν ισχύει καθόλου  0,Ισχύει σε μέτριο βαθμό  1,Ισχύει πάρα πολύ  2}",0,parent,single,C,30
184,"Προσπάθησε να φέρεις κατά νου, τι σκέφτηκες και έκανες τα πρώτα λεπτά μετά τις δυσκολίες που ανέφερες πιο πριν. Σε ποιο βαθμό ισχύουν τα πιο κάτω όσον αφορά το τρόπο με τον οποίο διαχειρίστηκες τις δυσκολίες αυτές: | Σκέφτηκα την κατάσταση με πιο θετικό τρόπο.","{Δεν ισχύει καθόλου 0,Ισχύει σε μέτριο βαθμό 1,Ισχύει πάρα πολύ 2}",0,child,single,B,30
185,"Προσπάθησε να φέρεις κατά νου, τι σκέφτηκες και έκανες τα πρώτα λεπτά μετά τις δυσκολίες που ανέφερες πιο πριν. Σε ποιο βαθμό ισχύουν τα πιο κάτω όσον αφορά το τρόπο με τον οποίο διαχειρίστηκες τις δυσκολίες αυτές: | Αποδέχτηκα την κατάσταση έτσι όπως ήταν.","{Δεν ισχύει καθόλου  0,Ισχύει σε μέτριο βαθμό  1,Ισχύει πάρα πολύ  2}",0,child,single,B,30
186,"Προσπάθησε να φέρεις κατά νου, τι σκέφτηκες και έκανες τα πρώτα λεπτά μετά τις δυσκολίες που ανέφερες πιο πριν. Σε ποιο βαθμό ισχύουν τα πιο κάτω όσον αφορά το τρόπο με τον οποίο διαχειρίστηκες τις δυσκολίες αυτές: | Είπα πράγματα για να εκτονώσω τα δυσάρεστα συναισθήματα μου.","{Δεν ισχύει καθόλου 0,Ισχύει σε μέτριο βαθμό 1,Ισχύει πάρα πολύ 2}",0,child,single,B,30
187,"Προσπάθησε να φέρεις κατά νου, τι σκέφτηκες και έκανες τα πρώτα λεπτά μετά τις δυσκολίες που ανέφερες πιο πριν. Σε ποιο βαθμό ισχύουν τα πιο κάτω όσον αφορά το τρόπο με τον οποίο διαχειρίστηκες τις δυσκολίες αυτές: | Έκανα την αγαπημένη μου δραστηριότητα για να χαλαρώσω και ηρεμήσω.","{Δεν ισχύει καθόλου  0,Ισχύει σε μέτριο βαθμό  1,Ισχύει πάρα πολύ  2}",0,child,single,B,30
188,"Προσπάθησε να φέρεις κατά νου, τι σκέφτηκες και έκανες τα πρώτα λεπτά μετά τις δυσκολίες που ανέφερες πιο πριν. Σε ποιο βαθμό ισχύουν τα πιο κάτω όσον αφορά το τρόπο με τον οποίο διαχειρίστηκες τις δυσκολίες αυτές: | Ήρθα σε επαφή (φυσική ή μέσω τηλεφώνου) με τους φίλους μου.","{Δεν ισχύει καθόλου 0,Ισχύει σε μέτριο βαθμό 1,Ισχύει πάρα πολύ 2}",0,child,single,B,30
189,Πως θα περιέγραφες την κατάσταση σου αυτή τη στιγμή; | Χαρούμενος/η και με καλή διάθεση,"{Δεν ισχύει καθόλου 0,Ισχύει σε μέτριο βαθμό 1,Ισχύει πάρα πολύ 2}",0,child,single,C,30
190,Πως θα περιέγραφες την κατάσταση σου αυτή τη στιγμή; | Ήρεμος/η και γαλήνιος/α,"{Δεν ισχύει καθόλου  0,Ισχύει σε μέτριο βαθμό  1,Ισχύει πάρα πολύ  2}",0,child,single,C,30
191,Πως θα περιέγραφες την κατάσταση σου αυτή τη στιγμή; | Ενεργητικός/η και δραστήριος/α,"{Δεν ισχύει καθόλου 0,Ισχύει σε μέτριο βαθμό 1,Ισχύει πάρα πολύ 2}",0,child,single,C,30
192,Πως θα περιέγραφες την κατάσταση σου αυτή τη στιγμή; | Φρέσκος/α και ξεκούραστος/η,"{Δεν ισχύει καθόλου  0,Ισχύει σε μέτριο βαθμό  1,Ισχύει πάρα πολύ  2}",0,child,single,C,30
193,Πως θα περιέγραφες την κατάσταση σου αυτή τη στιγμή; | Κάνω πράγματα που με ενδιαφέρουν,"{Δεν ισχύει καθόλου 0,Ισχύει σε μέτριο βαθμό 1,Ισχύει πάρα πολύ 2}",0,child,single,C,30
194,"Από το τελευταίο μπιπ, είχες σχολικές υποχρεώσεις ή υποχρεώσεις κατ' οίκον μελέτης η φροντιστηρίων;","{Nαί,Όχι}",1,child,single,C,30
195,"Αν ΝΑΙ, πως θα περιέγραφες την μαθησιακή σου απόδοση; | Έμαθα με επιτυχία το περιεχόμενο του μαθήματος. ","{Δεν ισχύει καθόλου 0,Ισχύει σε μέτριο βαθμό 1,Ισχύει πάρα πολύ 2}",true,child,single,C,30
196,"Αν ΝΑΙ, πως θα περιέγραφες την μαθησιακή σου απόδοση; | Ακόμη και όταν αποσπόταν η προσοχή μου συνέχισα να μαθαίνω.","{Δεν ισχύει καθόλου  0,Ισχύει σε μέτριο βαθμό  1,Ισχύει πάρα πολύ  2}",true,child,single,C,30
197,"Αν ΝΑΙ, πως θα περιέγραφες την μαθησιακή σου απόδοση; | Μπορούσα να τελειώσω τις εργασίες μου. ","{Δεν ισχύει καθόλου 0,Ισχύει σε μέτριο βαθμό 1,Ισχύει πάρα πολύ 2}",true,child,single,C,30
198,"Αν ΝΑΙ, πως θα περιέγραφες την μαθησιακή σου απόδοση; | Μπορούσα να διαχειριστώ το άγχος μου κατά τη διάρκεια του μαθήματος ή της μελέτης.","{Δεν ισχύει καθόλου  0,Ισχύει σε μέτριο βαθμό  1,Ισχύει πάρα πολύ  2}",true,child,single,C,30
199,"Από το τελευταίο μπιπ, που βρισκόσουν; ","{Σπίτι,Σχολείο,Φροντιστήρια,Εξωσχολικές Δραστηριότητες,Κάπου αλλού}",0,child,multiple,C,30
200,Από το τελευταίο μπιπ υπήρχε αλληλεπίδραση με το πατέρα σου;,"{Ναι, ήμασταν μαζί στον ίδιο χώρο,Ναι, αλλά επικοινωνήσαμε μόνο διαδικτυακά, τηλεφωνικώς ή με μηνύματα,Όχι δεν είχαμε κάποια επικοινωνία}",0,child,single,C,30
116,"Αν ΝΑΙ, πως θα περιέγραφες την μαθησιακή σου απόδοση; | Ακόμη και όταν αποσπόταν η προσοχή μου συνέχισα να μαθαίνω.","{Δεν ισχύει καθόλου  0,Ισχύει σε μέτριο βαθμό  1,Ισχύει πάρα πολύ  2}",true,child,single,A,30
202,"Από το τελευταίο μπιπ, είχες οποιαδήποτε δυσκολία που να σχετίζεται με:","{Σχέση με τους γονείς μου,Σχέση με τα αδέρφια μου,Ιατρικά θέματα άλλων μελών της οικογένειας,Δικά μου ιατρικά θέματα,Συναισθηματικές δυσκολίες άλλων μελών της οικογένειας,Δικές μου συναισθηματικές δυσκολίες,Σχέση με το άτομο που με ενδιαφέρει,Σχέση με τους συμμαθητές και φίλους μου,Σχέση με τους καθηγητές μου,Δυσκολίες που αφορούν την επίδοση μου,Δυσκολίες που αφορούν το διάβασμα,Οικονομικές Δυσκολίες,Αγωνίες για το μέλλον,Άλλη δυσκολία}",0,child,multiple,C,30
203,"Πως αισθάνθηκες, κατά τη διάρκεια αυτών των δυσκολίων;","{Θυμωμένος,Χαρούμενος,Συγκεντρωμένος,Αγχωμένος,Απογοητευμένος,Ήρεμος}",0,child,single,C,30
204,"Προσπάθησε να φέρεις κατά νου, τι σκέφτηκες και έκανες τα πρώτα λεπτά μετά τις δυσκολίες που ανέφερες πιο πριν. Σε ποιο βαθμό ισχύουν τα πιο κάτω όσον αφορά το τρόπο με τον οποίο διαχειρίστηκες τις δυσκολίες αυτές: | Είπα και έδειξα το πως πραγματικά αισθανόμουν.","{Δεν ισχύει καθόλου 0,Ισχύει σε μέτριο βαθμό 1,Ισχύει πάρα πολύ 2}",0,child,single,C,30
205,"Προσπάθησε να φέρεις κατά νου, τι σκέφτηκες και έκανες τα πρώτα λεπτά μετά τις δυσκολίες που ανέφερες πιο πριν. Σε ποιο βαθμό ισχύουν τα πιο κάτω όσον αφορά το τρόπο με τον οποίο διαχειρίστηκες τις δυσκολίες αυτές: | Σκεφτόμουν εκείνη τη στιγμή ότι δεν είμαι καλός/η σε τίποτα.","{Δεν ισχύει καθόλου  0,Ισχύει σε μέτριο βαθμό  1,Ισχύει πάρα πολύ  2}",0,child,single,C,30
206,"Προσπάθησε να φέρεις κατά νου, τι σκέφτηκες και έκανες τα πρώτα λεπτά μετά τις δυσκολίες που ανέφερες πιο πριν. Σε ποιο βαθμό ισχύουν τα πιο κάτω όσον αφορά το τρόπο με τον οποίο διαχειρίστηκες τις δυσκολίες αυτές: | Είπα και έδειξα το πως πραγματικά αισθανόμουν.","{Δεν ισχύει καθόλου 0,Ισχύει σε μέτριο βαθμό 1,Ισχύει πάρα πολύ 2}",0,child,single,C,30
207,"Προσπάθησε να φέρεις κατά νου, τι σκέφτηκες και έκανες τα πρώτα λεπτά μετά τις δυσκολίες που ανέφερες πιο πριν. Σε ποιο βαθμό ισχύουν τα πιο κάτω όσον αφορά το τρόπο με τον οποίο διαχειρίστηκες τις δυσκολίες αυτές: | Απομακρύνθηκα από τους άλλους ώστε να μείνω μόνος/η.","{Δεν ισχύει καθόλου  0,Ισχύει σε μέτριο βαθμό  1,Ισχύει πάρα πολύ  2}",0,child,single,C,30
208,"Προσπάθησε να φέρεις κατά νου, τι σκέφτηκες και έκανες τα πρώτα λεπτά μετά τις δυσκολίες που ανέφερες πιο πριν. Σε ποιο βαθμό ισχύουν τα πιο κάτω όσον αφορά το τρόπο με τον οποίο διαχειρίστηκες τις δυσκολίες αυτές: | Είπα ξεκάθαρα τη δική μου άποψη.","{Δεν ισχύει καθόλου 0,Ισχύει σε μέτριο βαθμό 1,Ισχύει πάρα πολύ 2}",0,child,single,C,30
209,"Προσπάθησε να φέρεις κατά νου, τι σκέφτηκες και έκανες τα πρώτα λεπτά μετά τις δυσκολίες που ανέφερες πιο πριν. Σε ποιο βαθμό ισχύουν τα πιο κάτω όσον αφορά το τρόπο με τον οποίο διαχειρίστηκες τις δυσκολίες αυτές: | Ζήτησα βοήθεια ή και συμβουλές  από άλλους για το τι να κάνω.","{Δεν ισχύει καθόλου  0,Ισχύει σε μέτριο βαθμό  1,Ισχύει πάρα πολύ  2}",0,child,single,C,30
210,"Προσπάθησε να φέρεις κατά νου, τι σκέφτηκες και έκανες τα πρώτα λεπτά μετά τις δυσκολίες που ανέφερες πιο πριν. Σε ποιο βαθμό ισχύουν τα πιο κάτω όσον αφορά το τρόπο με τον οποίο διαχειρίστηκες τις δυσκολίες αυτές: | Άκουσα τι λένε οι άλλοι και προσπάθησα να καταλάβω την άποψη τους.","{Δεν ισχύει καθόλου 0,Ισχύει σε μέτριο βαθμό 1,Ισχύει πάρα πολύ 2}",0,child,single,C,30
211,"Προσπάθησε να φέρεις κατά νου, τι σκέφτηκες και έκανες τα πρώτα λεπτά μετά τις δυσκολίες που ανέφερες πιο πριν. Σε ποιο βαθμό ισχύουν τα πιο κάτω όσον αφορά το τρόπο με τον οποίο διαχειρίστηκες τις δυσκολίες αυτές: | Ένιωσα ότι άλλα άτομα έφταιγαν για αυτό που συμβαίνει.","{Δεν ισχύει καθόλου  0,Ισχύει σε μέτριο βαθμό  1,Ισχύει πάρα πολύ  2}",0,child,single,C,30
212,"Προσπάθησε να φέρεις κατά νου, τι σκέφτηκες και έκανες τα πρώτα λεπτά μετά τις δυσκολίες που ανέφερες πιο πριν. Σε ποιο βαθμό ισχύουν τα πιο κάτω όσον αφορά το τρόπο με τον οποίο διαχειρίστηκες τις δυσκολίες αυτές: | Προσπάθησα να οργανώσω όσα έπρεπε να κάνω βάζοντας προτεραιότητες.","{Δεν ισχύει καθόλου 0,Ισχύει σε μέτριο βαθμό 1,Ισχύει πάρα πολύ 2}",0,child,single,C,30
213,"Προσπάθησε να φέρεις κατά νου, τι σκέφτηκες και έκανες τα πρώτα λεπτά μετά τις δυσκολίες που ανέφερες πιο πριν. Σε ποιο βαθμό ισχύουν τα πιο κάτω όσον αφορά το τρόπο με τον οποίο διαχειρίστηκες τις δυσκολίες αυτές: | Απέφυγα να κάνω κάτι που μου άρεσε ή ήταν σημαντικό για εμένα.","{Δεν ισχύει καθόλου  0,Ισχύει σε μέτριο βαθμό  1,Ισχύει πάρα πολύ  2}",0,child,single,C,30
214,"Προσπάθησε να φέρεις κατά νου, τι σκέφτηκες και έκανες τα πρώτα λεπτά μετά τις δυσκολίες που ανέφερες πιο πριν. Σε ποιο βαθμό ισχύουν τα πιο κάτω όσον αφορά το τρόπο με τον οποίο διαχειρίστηκες τις δυσκολίες αυτές: | Σκεφτόμουν όλους τους τρόπους με τους οποίους η κατάσταση μπορεί να χειροτερέψει.","{Δεν ισχύει καθόλου 0,Ισχύει σε μέτριο βαθμό 1,Ισχύει πάρα πολύ 2}",0,child,single,C,30
215,"Προσπάθησε να φέρεις κατά νου, τι σκέφτηκες και έκανες τα πρώτα λεπτά μετά τις δυσκολίες που ανέφερες πιο πριν. Σε ποιο βαθμό ισχύουν τα πιο κάτω όσον αφορά το τρόπο με τον οποίο διαχειρίστηκες τις δυσκολίες αυτές: | Προσπάθησα να καταλάβω τι πραγματικά νιώθω.","{Δεν ισχύει καθόλου  0,Ισχύει σε μέτριο βαθμό  1,Ισχύει πάρα πολύ  2}",0,child,single,C,30
216,"Προσπάθησε να φέρεις κατά νου, τι σκέφτηκες και έκανες τα πρώτα λεπτά μετά τις δυσκολίες που ανέφερες πιο πριν. Σε ποιο βαθμό ισχύουν τα πιο κάτω όσον αφορά το τρόπο με τον οποίο διαχειρίστηκες τις δυσκολίες αυτές: | Ενέπλεξα κάποιον άλλο ώστε να κάνει κάτι για εμένα.","{Δεν ισχύει καθόλου 0,Ισχύει σε μέτριο βαθμό 1,Ισχύει πάρα πολύ 2}",0,child,single,C,30
217,"Προσπάθησε να φέρεις κατά νου, τι σκέφτηκες και έκανες τα πρώτα λεπτά μετά τις δυσκολίες που ανέφερες πιο πριν. Σε ποιο βαθμό ισχύουν τα πιο κάτω όσον αφορά το τρόπο με τον οποίο διαχειρίστηκες τις δυσκολίες αυτές: | Προσπάθησα να σπάσω αυτό που κάνω σε μικρότερα μέρη.","{Δεν ισχύει καθόλου  0,Ισχύει σε μέτριο βαθμό  1,Ισχύει πάρα πολύ  2}",0,child,single,C,30
218,"Προσπάθησε να φέρεις κατά νου, τι σκέφτηκες και έκανες τα πρώτα λεπτά μετά τις δυσκολίες που ανέφερες πιο πριν. Σε ποιο βαθμό ισχύουν τα πιο κάτω όσον αφορά το τρόπο με τον οποίο διαχειρίστηκες τις δυσκολίες αυτές: | Σκεφτόμουν όλη την ώρα πόσο άσχημο ήταν αυτό που συνέβη.","{Δεν ισχύει καθόλου 0,Ισχύει σε μέτριο βαθμό 1,Ισχύει πάρα πολύ 2}",0,child,single,C,30
219,"Προσπάθησε να φέρεις κατά νου, τι σκέφτηκες και έκανες τα πρώτα λεπτά μετά τις δυσκολίες που ανέφερες πιο πριν. Σε ποιο βαθμό ισχύουν τα πιο κάτω όσον αφορά το τρόπο με τον οποίο διαχειρίστηκες τις δυσκολίες αυτές: | Στήριξα τους άλλους γιατί είχαν μια δύσκολη στιγμή.","{Δεν ισχύει καθόλου  0,Ισχύει σε μέτριο βαθμό  1,Ισχύει πάρα πολύ  2}",0,child,single,C,30
220,"Προσπάθησε να φέρεις κατά νου, τι σκέφτηκες και έκανες τα πρώτα λεπτά μετά τις δυσκολίες που ανέφερες πιο πριν. Σε ποιο βαθμό ισχύουν τα πιο κάτω όσον αφορά το τρόπο με τον οποίο διαχειρίστηκες τις δυσκολίες αυτές: | Σκέφτηκα αρκετά πριν αποφασίσω τι να πράξω.","{Δεν ισχύει καθόλου 0,Ισχύει σε μέτριο βαθμό 1,Ισχύει πάρα πολύ 2}",0,child,single,C,30
221,"Προσπάθησε να φέρεις κατά νου, τι σκέφτηκες και έκανες τα πρώτα λεπτά μετά τις δυσκολίες που ανέφερες πιο πριν. Σε ποιο βαθμό ισχύουν τα πιο κάτω όσον αφορά το τρόπο με τον οποίο διαχειρίστηκες τις δυσκολίες αυτές: | Διατήρησα τον έλεγχο της συμπεριφοράς μου.","{Δεν ισχύει καθόλου  0,Ισχύει σε μέτριο βαθμό  1,Ισχύει πάρα πολύ  2}",0,child,single,C,30
201,Από το τελευταίο μπιπ υπήρχε αλληλεπίδραση με τη μητέρα σου;,"{Ναι, ήμασταν μαζί στον ίδιο χώρο,Ναι, αλλά επικοινωνήσαμε μόνο διαδικτυακά, τηλεφωνικώς ή με μηνύματα,Όχι δεν είχαμε κάποια επικοινωνία}",0,child,single,A,30
227,"Προσπάθησε να φέρεις κατά νου, τι σκέφτηκες και έκανες τα πρώτα λεπτά μετά τις δυσκολίες που ανέφερες πιο πριν. Σε ποιο βαθμό ισχύουν τα πιο κάτω όσον αφορά το τρόπο με τον οποίο διαχειρίστηκες τις δυσκολίες αυτές: | Έκανα την αγαπημένη μου δραστηριότητα για να χαλαρώσω και ηρεμήσω.","{Δεν ισχύει καθόλου  0,Ισχύει σε μέτριο βαθμό  1,Ισχύει πάρα πολύ  2}",0,child,single,C,30
228,"Προσπάθησε να φέρεις κατά νου, τι σκέφτηκες και έκανες τα πρώτα λεπτά μετά τις δυσκολίες που ανέφερες πιο πριν. Σε ποιο βαθμό ισχύουν τα πιο κάτω όσον αφορά το τρόπο με τον οποίο διαχειρίστηκες τις δυσκολίες αυτές: | Ήρθα σε επαφή (φυσική ή μέσω τηλεφώνου) με τους φίλους μου.","{Δεν ισχύει καθόλου 0,Ισχύει σε μέτριο βαθμό 1,Ισχύει πάρα πολύ 2}",0,child,single,C,30
226,"Προσπάθησε να φέρεις κατά νου, τι σκέφτηκες και έκανες τα πρώτα λεπτά μετά τις δυσκολίες που ανέφερες πιο πριν. Σε ποιο βαθμό ισχύουν τα πιο κάτω όσον αφορά το τρόπο με τον οποίο διαχειρίστηκες τις δυσκολίες αυτές: | Είπα πράγματα για να εκτονώσω τα δυσάρεστα συναισθήματα μου.","{Δεν ισχύει καθόλου 0,Ισχύει σε μέτριο βαθμό 1,Ισχύει πάρα πολύ 2}",0,child,single,C,30
225,"Προσπάθησε να φέρεις κατά νου, τι σκέφτηκες και έκανες τα πρώτα λεπτά μετά τις δυσκολίες που ανέφερες πιο πριν. Σε ποιο βαθμό ισχύουν τα πιο κάτω όσον αφορά το τρόπο με τον οποίο διαχειρίστηκες τις δυσκολίες αυτές: | Αποδέχτηκα την κατάσταση έτσι όπως ήταν.","{Δεν ισχύει καθόλου  0,Ισχύει σε μέτριο βαθμό  1,Ισχύει πάρα πολύ  2}",0,child,single,C,30
224,"Προσπάθησε να φέρεις κατά νου, τι σκέφτηκες και έκανες τα πρώτα λεπτά μετά τις δυσκολίες που ανέφερες πιο πριν. Σε ποιο βαθμό ισχύουν τα πιο κάτω όσον αφορά το τρόπο με τον οποίο διαχειρίστηκες τις δυσκολίες αυτές: | Σκέφτηκα την κατάσταση με πιο θετικό τρόπο.","{Δεν ισχύει καθόλου 0,Ισχύει σε μέτριο βαθμό 1,Ισχύει πάρα πολύ 2}",0,child,single,C,30
121,Από το τελευταίο μπιπ υπήρχε αλληλεπίδραση με τη μητέρα σου;,"{Ναι, ήμασταν μαζί στον ίδιο χώρο,Ναι, αλλά επικοινωνήσαμε μόνο διαδικτυακά, τηλεφωνικώς ή με μηνύματα,Όχι δεν είχαμε κάποια επικοινωνία}",0,child,single,A,30
161,Από το τελευταίο μπιπ υπήρχε αλληλεπίδραση με τη μητέρα σου;,"{Ναι, ήμασταν μαζί στον ίδιο χώρο,Ναι, αλλά επικοινωνήσαμε μόνο διαδικτυακά, τηλεφωνικώς ή με μηνύματα,Όχι δεν είχαμε κάποια επικοινωνία}",0,child,single,B,30
222,"Προσπάθησε να φέρεις κατά νου, τι σκέφτηκες και έκανες τα πρώτα λεπτά μετά τις δυσκολίες που ανέφερες πιο πριν. Σε ποιο βαθμό ισχύουν τα πιο κάτω όσον αφορά το τρόπο με τον οποίο διαχειρίστηκες τις δυσκολίες αυτές: | Συνέχισα να προσπαθώ για το καλύτερο παρά τη δυσκολία.","{Δεν ισχύει καθόλου 0,Ισχύει σε μέτριο βαθμό 1,Ισχύει πάρα πολύ 2}",0,child,single,C,30
223,"Προσπάθησε να φέρεις κατά νου, τι σκέφτηκες και έκανες τα πρώτα λεπτά μετά τις δυσκολίες που ανέφερες πιο πριν. Σε ποιο βαθμό ισχύουν τα πιο κάτω όσον αφορά το τρόπο με τον οποίο διαχειρίστηκες τις δυσκολίες αυτές: | Σκεφτόμουν πως αντέδρασα και προσπάθησα να δω αν έπραξα σωστά ή λανθασμένα.","{Δεν ισχύει καθόλου 0,Ισχύει σε μέτριο βαθμό 1,Ισχύει πάρα πολύ 2}",0,child,single,C,30
6,"Aπό το τελευταίο μπιπ, υπήρχε αλληλεπίδραση με το παιδί σου που συμμετέχει στην έρευνα, είτε με φυσική παρουσία είτε μέσω τηλεφώνου ή διαδικτυακά;","{Ναί,Όχι}",1,parent,single,A,30
8,Ποιοι άλλοι ήταν μαζί σας;,"{Άλλος γονέας,Αδέλφια του παιδιού,Άλλοι συγγενείς,Φίλοι του παιδιού,Καθηγητές,Κανένας}",true,parent,multiple,A,30
3,Πως θα περιέγραφες την κατάσταση σου αυτή τη στιγμή; | Ενεργητικός/η και δραστήριος/α,"{Δεν ισχύει καθόλου  0,Ισχύει σε μέτριο βαθμό  1,Ισχύει πάρα πολύ  2}",0,parent,single,A,30
4,Πως θα περιέγραφες την κατάσταση σου αυτή τη στιγμή; | Φρέσκος/α και ξεκούραστος/η,"{Δεν ισχύει καθόλου 0,Ισχύει σε μέτριο βαθμό 1,Ισχύει πάρα πολύ 2}",0,parent,single,A,30
5,Πως θα περιέγραφες την κατάσταση σου αυτή τη στιγμή; | Κάνω πράγματα που με ενδιαφέρουν,"{Δεν ισχύει καθόλου  0,Ισχύει σε μέτριο βαθμό  1,Ισχύει πάρα πολύ  2}",0,parent,single,A,30
11,"Κατά την αλληλεπίδραση με το παιδί σου, σε ποιο βαθμό ισχύουν τα πιο κάτω, στην προσπάθεια σου να διαχειριστείς τα συναισθήματα, σκέψεις, και συμπεριφορά σου: | Προσπάθησα να καταλάβω τι πραγματικά νιώθω.","{Δεν ισχύει καθόλου  0,Ισχύει σε μέτριο βαθμό  1,Ισχύει πάρα πολύ  2}",0,parent,single,A,30
12,"Κατά την αλληλεπίδραση με το παιδί σου, σε ποιο βαθμό ισχύουν τα πιο κάτω, στην προσπάθεια σου να διαχειριστείς τα συναισθήματα, σκέψεις, και συμπεριφορά σου: | Διατήρησα τον έλεγχο της συμπεριφοράς μου.","{Δεν ισχύει καθόλου 0,Ισχύει σε μέτριο βαθμό 1,Ισχύει πάρα πολύ 2}",0,parent,single,A,30
13,"Κατά την αλληλεπίδραση με το παιδί σου, σε ποιο βαθμό ισχύουν τα πιο κάτω, στην προσπάθεια σου να διαχειριστείς τα συναισθήματα, σκέψεις, και συμπεριφορά σου: | Μπορούσα να εστιάσω στην παρούσα στιγμή.","{Δεν ισχύει καθόλου  0,Ισχύει σε μέτριο βαθμό  1,Ισχύει πάρα πολύ  2}",0,parent,single,A,30
14,"Κατά την αλληλεπίδραση με το παιδί σου, σε ποιο βαθμό ισχύουν τα πιο κάτω, στην προσπάθεια σου να διαχειριστείς τα συναισθήματα, σκέψεις, και συμπεριφορά σου: | Αποδέχτηκα την κατάσταση έτσι όπως ήταν.","{Δεν ισχύει καθόλου 0,Ισχύει σε μέτριο βαθμό 1,Ισχύει πάρα πολύ 2}",0,parent,single,A,30
15,"Κατά την αλληλεπίδραση με το παιδί σου, σε ποιο βαθμό ισχύουν τα πιο κάτω, στην προσπάθεια σου να διαχειριστείς τα συναισθήματα, σκέψεις, και συμπεριφορά σου: | Πίστευα ότι μπορούσα να αντιμετωπίσω αποτελεσματικά αυτό που συνέβαινε.","{Δεν ισχύει καθόλου  0,Ισχύει σε μέτριο βαθμό  1,Ισχύει πάρα πολύ  2}",0,parent,single,A,30
16,"Κατά την αλληλεπίδραση με το παιδί σου, σε ποιο βαθμό ισχύουν τα πιο κάτω, στην προσπάθεια σου να διαχειριστείς τα συναισθήματα, σκέψεις, και συμπεριφορά σου: | Επικεντρώθηκα στο να κάνω κάτι για να αλλάξω την κατάσταση.","{Δεν ισχύει καθόλου 0,Ισχύει σε μέτριο βαθμό 1,Ισχύει πάρα πολύ 2}",0,parent,single,A,30
17,"Κατά την αλληλεπίδραση με το παιδί σου, σε ποιο βαθμό ισχύουν τα πιο κάτω, στην προσπάθεια σου να διαχειριστείς τα συναισθήματα, σκέψεις, και συμπεριφορά σου: | Αποδέχτηκα τα συναισθήματα που ένιωθα.","{Δεν ισχύει καθόλου  0,Ισχύει σε μέτριο βαθμό  1,Ισχύει πάρα πολύ  2}",0,parent,single,A,30
20,"Στο πλαίσιο της αλληλεπίδρασης με το παιδί σου, σε πιο βαθμό ισχύουν τα πιο κάτω αναφορικά με τον τρόπο που επικοινωνήσατε: | Ρώτησα το παιδί μου τι νιώθει.","{Δεν ισχύει καθόλου 0,Ισχύει σε μέτριο βαθμό 1,Ισχύει πάρα πολύ 2}",0,parent,single,A,30
21,"Στο πλαίσιο της αλληλεπίδρασης με το παιδί σου, σε πιο βαθμό ισχύουν τα πιο κάτω αναφορικά με τον τρόπο που επικοινωνήσατε: | Μπήκα στη θέση του παιδιού μου και κατανόησα γιατί νιώθει όπως νιώθει.","{Δεν ισχύει καθόλου  0,Ισχύει σε μέτριο βαθμό  1,Ισχύει πάρα πολύ  2}",0,parent,single,A,30
22,"Στο πλαίσιο της αλληλεπίδρασης με το παιδί σου, σε πιο βαθμό ισχύουν τα πιο κάτω αναφορικά με τον τρόπο που επικοινωνήσατε: | Παρηγόρησα το παιδί μου.","{Δεν ισχύει καθόλου 0,Ισχύει σε μέτριο βαθμό 1,Ισχύει πάρα πολύ 2}",0,parent,single,A,30
23,"Στο πλαίσιο της αλληλεπίδρασης με το παιδί σου, σε πιο βαθμό ισχύουν τα πιο κάτω αναφορικά με τον τρόπο που επικοινωνήσατε: | Ακούσαμε ο ένας τον άλλο και συζητήσαμε, ώστε να βρούμε κοινή προσέγγιση.","{Δεν ισχύει καθόλου  0,Ισχύει σε μέτριο βαθμό  1,Ισχύει πάρα πολύ  2}",0,parent,single,A,30
24,"Στο πλαίσιο της αλληλεπίδρασης με το παιδί σου, σε πιο βαθμό ισχύουν τα πιο κάτω αναφορικά με τον τρόπο που επικοινωνήσατε: | Βοήθησα το παιδί μου να οργανωθεί για να κάνει όσα αναμένονται από αυτό.","{Δεν ισχύει καθόλου 0,Ισχύει σε μέτριο βαθμό 1,Ισχύει πάρα πολύ 2}",0,parent,single,A,30
25,"Στο πλαίσιο της αλληλεπίδρασης με το παιδί σου, σε πιο βαθμό ισχύουν τα πιο κάτω αναφορικά με τον τρόπο που επικοινωνήσατε: | Έκφρασα την τρυφερότητα προς το παιδί μου, με χαμόγελο ή αγκαλιά.","{Δεν ισχύει καθόλου  0,Ισχύει σε μέτριο βαθμό  1,Ισχύει πάρα πολύ  2}",0,parent,single,A,30
26,"Στο πλαίσιο της αλληλεπίδρασης με το παιδί σου, σε πιο βαθμό ισχύουν τα πιο κάτω αναφορικά με τον τρόπο που επικοινωνήσατε: | Είπα στο παιδί μου ότι το εκτιμώ για όσα προσπαθεί και καταφέρνει.","{Δεν ισχύει καθόλου 0,Ισχύει σε μέτριο βαθμό 1,Ισχύει πάρα πολύ 2}",0,parent,single,A,30
27,"Στο πλαίσιο της αλληλεπίδρασης με το παιδί σου, σε πιο βαθμό ισχύουν τα πιο κάτω αναφορικά με τον τρόπο που επικοινωνήσατε: | Ενθάρρυνα το παιδί μου να εκφραστεί ακόμα κι αν διαφωνούσα.","{Δεν ισχύει καθόλου  0,Ισχύει σε μέτριο βαθμό  1,Ισχύει πάρα πολύ  2}",0,parent,single,A,30
28,"Στο πλαίσιο της αλληλεπίδρασης με το παιδί σου, σε πιο βαθμό ισχύουν τα πιο κάτω αναφορικά με τον τρόπο που επικοινωνήσατε: | Εξήγησα στο παιδί μου γιατί υπάρχουν κανόνες και πρέπει να ακολουθούνται.","{Δεν ισχύει καθόλου 0,Ισχύει σε μέτριο βαθμό 1,Ισχύει πάρα πολύ 2}",0,parent,single,A,30
29,"Στο πλαίσιο της αλληλεπίδρασης με το παιδί σου, σε πιο βαθμό ισχύουν τα πιο κάτω αναφορικά με τον τρόπο που επικοινωνήσατε: | Εκφράστηκα με έντονο τρόπο, ώστε να πείσω το παιδί μου για αυτό που πίστευα.","{Δεν ισχύει καθόλου  0,Ισχύει σε μέτριο βαθμό  1,Ισχύει πάρα πολύ  2}",0,parent,single,A,30
114,"Από το τελευταίο μπιπ, είχες σχολικές υποχρεώσεις ή υποχρεώσεις κατ' οίκον μελέτης η φροντιστηρίων;","{Nαί,Όχι}",1,child,single,A,30
30,"Στο πλαίσιο της αλληλεπίδρασης με το παιδί σου, σε πιο βαθμό ισχύουν τα πιο κάτω αναφορικά με τον τρόπο που επικοινωνήσατε: | Αφαίρεσα από το παιδί μου προνόμια ως τιμωρία.","{Δεν ισχύει καθόλου 0,Ισχύει σε μέτριο βαθμό 1,Ισχύει πάρα πολύ 2}",0,parent,single,A,30
31,"Στο πλαίσιο της αλληλεπίδρασης με το παιδί σου, σε πιο βαθμό ισχύουν τα πιο κάτω αναφορικά με τον τρόπο που επικοινωνήσατε: | Απέφυγα να συζητήσω κάποια δύσκολη πτυχή του ζητήματος.","{Δεν ισχύει καθόλου  0,Ισχύει σε μέτριο βαθμό  1,Ισχύει πάρα πολύ  2}",0,parent,single,A,30
32,"Μετά την αλληλεπίδραση με το παιδί σου, σε ποιο βαθμό ισχύουν τα πιο κάτω: | Ένιωσα ικανοποίηση για την κατάληξη της συζήτησης.","{Δεν ισχύει καθόλου 0,Ισχύει σε μέτριο βαθμό 1,Ισχύει πάρα πολύ 2}",0,parent,single,A,30
34,"Μετά την αλληλεπίδραση με το παιδί σου, σε ποιο βαθμό ισχύουν τα πιο κάτω: | Είχα ανήσυχες σκέψεις ή συναισθήματα για αυτό που συνέβηκε.","{Δεν ισχύει καθόλου 0,Ισχύει σε μέτριο βαθμό 1,Ισχύει πάρα πολύ 2}",0,parent,single,A,30
35,"Μετά την αλληλεπίδραση με το παιδί σου, σε ποιο βαθμό ισχύουν τα πιο κάτω: | Ένιωσα την ανάγκη να φάω ή να πιω για να αισθανθώ καλύτερα.","{Δεν ισχύει καθόλου  0,Ισχύει σε μέτριο βαθμό  1,Ισχύει πάρα πολύ  2}",0,parent,single,A,30
36,"Μετά την αλληλεπίδραση με το παιδί σου, σε ποιο βαθμό ισχύουν τα πιο κάτω: | Σκεφτόμουν τι συνέβηκε ώστε να βελτιώσω τον τρόπο που αλληλεπιδρούμε στο μέλλον.","{Δεν ισχύει καθόλου 0,Ισχύει σε μέτριο βαθμό 1,Ισχύει πάρα πολύ 2}",0,parent,single,A,30
37,Πως θα περιέγραφες την κατάσταση σου αυτή τη στιγμή; | Χαρούμενος/η και με καλή διάθεση,"{Δεν ισχύει καθόλου  0,Ισχύει σε μέτριο βαθμό  1,Ισχύει πάρα πολύ  2}",0,parent,single,B,30
38,Πως θα περιέγραφες την κατάσταση σου αυτή τη στιγμή; | Ήρεμος/η και γαλήνιος/α,"{Δεν ισχύει καθόλου 0,Ισχύει σε μέτριο βαθμό 1,Ισχύει πάρα πολύ 2}",0,parent,single,B,30
39,Πως θα περιέγραφες την κατάσταση σου αυτή τη στιγμή; | Ενεργητικός/η και δραστήριος/α,"{Δεν ισχύει καθόλου  0,Ισχύει σε μέτριο βαθμό  1,Ισχύει πάρα πολύ  2}",0,parent,single,B,30
40,Πως θα περιέγραφες την κατάσταση σου αυτή τη στιγμή; | Φρέσκος/α και ξεκούραστος/η,"{Δεν ισχύει καθόλου 0,Ισχύει σε μέτριο βαθμό 1,Ισχύει πάρα πολύ 2}",0,parent,single,B,30
41,Πως θα περιέγραφες την κατάσταση σου αυτή τη στιγμή; | Κάνω πράγματα που με ενδιαφέρουν,"{Δεν ισχύει καθόλου  0,Ισχύει σε μέτριο βαθμό  1,Ισχύει πάρα πολύ  2}",0,parent,single,B,30
47,"Κατά την αλληλεπίδραση με το παιδί σου, σε ποιο βαθμό ισχύουν τα πιο κάτω, στην προσπάθεια σου να διαχειριστείς τα συναισθήματα, σκέψεις, και συμπεριφορά σου: | Προσπάθησα να καταλάβω τι πραγματικά νιώθω.","{Δεν ισχύει καθόλου  0,Ισχύει σε μέτριο βαθμό  1,Ισχύει πάρα πολύ  2}",0,parent,single,B,30
48,"Κατά την αλληλεπίδραση με το παιδί σου, σε ποιο βαθμό ισχύουν τα πιο κάτω, στην προσπάθεια σου να διαχειριστείς τα συναισθήματα, σκέψεις, και συμπεριφορά σου: | Διατήρησα τον έλεγχο της συμπεριφοράς μου.","{Δεν ισχύει καθόλου 0,Ισχύει σε μέτριο βαθμό 1,Ισχύει πάρα πολύ 2}",0,parent,single,B,30
49,"Κατά την αλληλεπίδραση με το παιδί σου, σε ποιο βαθμό ισχύουν τα πιο κάτω, στην προσπάθεια σου να διαχειριστείς τα συναισθήματα, σκέψεις, και συμπεριφορά σου: | Μπορούσα να εστιάσω στην παρούσα στιγμή.","{Δεν ισχύει καθόλου  0,Ισχύει σε μέτριο βαθμό  1,Ισχύει πάρα πολύ  2}",0,parent,single,B,30
42,"Aπό το τελευταίο μπιπ, υπήρχε αλληλεπίδραση με το παιδί σου που συμμετέχει στην έρευνα, είτε με φυσική παρουσία είτε μέσω τηλεφώνου ή διαδικτυακά;","{Ναί,Όχι}",1,parent,single,B,30
44,Ποιοι άλλοι ήταν μαζί σας;,"{Άλλος γονέας,Αδέλφια του παιδιού,Άλλοι συγγενείς,Φίλοι του παιδιού,Καθηγητές,Κανένας}",true,parent,multiple,B,30
50,"Κατά την αλληλεπίδραση με το παιδί σου, σε ποιο βαθμό ισχύουν τα πιο κάτω, στην προσπάθεια σου να διαχειριστείς τα συναισθήματα, σκέψεις, και συμπεριφορά σου: | Αποδέχτηκα την κατάσταση έτσι όπως ήταν.","{Δεν ισχύει καθόλου 0,Ισχύει σε μέτριο βαθμό 1,Ισχύει πάρα πολύ 2}",0,parent,single,B,30
52,"Κατά την αλληλεπίδραση με το παιδί σου, σε ποιο βαθμό ισχύουν τα πιο κάτω, στην προσπάθεια σου να διαχειριστείς τα συναισθήματα, σκέψεις, και συμπεριφορά σου: | Επικεντρώθηκα στο να κάνω κάτι για να αλλάξω την κατάσταση.","{Δεν ισχύει καθόλου 0,Ισχύει σε μέτριο βαθμό 1,Ισχύει πάρα πολύ 2}",0,parent,single,B,30
53,"Κατά την αλληλεπίδραση με το παιδί σου, σε ποιο βαθμό ισχύουν τα πιο κάτω, στην προσπάθεια σου να διαχειριστείς τα συναισθήματα, σκέψεις, και συμπεριφορά σου: | Αποδέχτηκα τα συναισθήματα που ένιωθα.","{Δεν ισχύει καθόλου  0,Ισχύει σε μέτριο βαθμό  1,Ισχύει πάρα πολύ  2}",0,parent,single,B,30
55,"Κατά την αλληλεπίδραση με το παιδί σου, σε ποιο βαθμό ισχύουν τα πιο κάτω, στην προσπάθεια σου να διαχειριστείς τα συναισθήματα, σκέψεις, και συμπεριφορά σου: | Σκέφτηκα εκείνη την στιγμή ότι δεν ήμουν καλός/ή σε τίποτα.","{Δεν ισχύει καθόλου  0,Ισχύει σε μέτριο βαθμό  1,Ισχύει πάρα πολύ  2}",0,parent,single,B,30
56,"Στο πλαίσιο της αλληλεπίδρασης με το παιδί σου, σε πιο βαθμό ισχύουν τα πιο κάτω αναφορικά με τον τρόπο που επικοινωνήσατε: | Ρώτησα το παιδί μου τι νιώθει.","{Δεν ισχύει καθόλου 0,Ισχύει σε μέτριο βαθμό 1,Ισχύει πάρα πολύ 2}",0,parent,single,B,30
57,"Στο πλαίσιο της αλληλεπίδρασης με το παιδί σου, σε πιο βαθμό ισχύουν τα πιο κάτω αναφορικά με τον τρόπο που επικοινωνήσατε: | Μπήκα στη θέση του παιδιού μου και κατανόησα γιατί νιώθει όπως νιώθει.","{Δεν ισχύει καθόλου  0,Ισχύει σε μέτριο βαθμό  1,Ισχύει πάρα πολύ  2}",0,parent,single,B,30
58,"Στο πλαίσιο της αλληλεπίδρασης με το παιδί σου, σε πιο βαθμό ισχύουν τα πιο κάτω αναφορικά με τον τρόπο που επικοινωνήσατε: | Παρηγόρησα το παιδί μου.","{Δεν ισχύει καθόλου 0,Ισχύει σε μέτριο βαθμό 1,Ισχύει πάρα πολύ 2}",0,parent,single,B,30
59,"Στο πλαίσιο της αλληλεπίδρασης με το παιδί σου, σε πιο βαθμό ισχύουν τα πιο κάτω αναφορικά με τον τρόπο που επικοινωνήσατε: | Ακούσαμε ο ένας τον άλλο και συζητήσαμε, ώστε να βρούμε κοινή προσέγγιση.","{Δεν ισχύει καθόλου  0,Ισχύει σε μέτριο βαθμό  1,Ισχύει πάρα πολύ  2}",0,parent,single,B,30
60,"Στο πλαίσιο της αλληλεπίδρασης με το παιδί σου, σε πιο βαθμό ισχύουν τα πιο κάτω αναφορικά με τον τρόπο που επικοινωνήσατε: | Βοήθησα το παιδί μου να οργανωθεί για να κάνει όσα αναμένονται από αυτό.","{Δεν ισχύει καθόλου 0,Ισχύει σε μέτριο βαθμό 1,Ισχύει πάρα πολύ 2}",0,parent,single,B,30
61,"Στο πλαίσιο της αλληλεπίδρασης με το παιδί σου, σε πιο βαθμό ισχύουν τα πιο κάτω αναφορικά με τον τρόπο που επικοινωνήσατε: | Έκφρασα την τρυφερότητα προς το παιδί μου, με χαμόγελο ή αγκαλιά.","{Δεν ισχύει καθόλου  0,Ισχύει σε μέτριο βαθμό  1,Ισχύει πάρα πολύ  2}",0,parent,single,B,30
62,"Στο πλαίσιο της αλληλεπίδρασης με το παιδί σου, σε πιο βαθμό ισχύουν τα πιο κάτω αναφορικά με τον τρόπο που επικοινωνήσατε: | Είπα στο παιδί μου ότι το εκτιμώ για όσα προσπαθεί και καταφέρνει.","{Δεν ισχύει καθόλου 0,Ισχύει σε μέτριο βαθμό 1,Ισχύει πάρα πολύ 2}",0,parent,single,B,30
63,"Στο πλαίσιο της αλληλεπίδρασης με το παιδί σου, σε πιο βαθμό ισχύουν τα πιο κάτω αναφορικά με τον τρόπο που επικοινωνήσατε: | Ενθάρρυνα το παιδί μου να εκφραστεί ακόμα κι αν διαφωνούσα.","{Δεν ισχύει καθόλου  0,Ισχύει σε μέτριο βαθμό  1,Ισχύει πάρα πολύ  2}",0,parent,single,B,30
64,"Στο πλαίσιο της αλληλεπίδρασης με το παιδί σου, σε πιο βαθμό ισχύουν τα πιο κάτω αναφορικά με τον τρόπο που επικοινωνήσατε: | Εξήγησα στο παιδί μου γιατί υπάρχουν κανόνες και πρέπει να ακολουθούνται.","{Δεν ισχύει καθόλου 0,Ισχύει σε μέτριο βαθμό 1,Ισχύει πάρα πολύ 2}",0,parent,single,B,30
66,"Στο πλαίσιο της αλληλεπίδρασης με το παιδί σου, σε πιο βαθμό ισχύουν τα πιο κάτω αναφορικά με τον τρόπο που επικοινωνήσατε: | Αφαίρεσα από το παιδί μου προνόμια ως τιμωρία.","{Δεν ισχύει καθόλου 0,Ισχύει σε μέτριο βαθμό 1,Ισχύει πάρα πολύ 2}",0,parent,single,B,30
67,"Στο πλαίσιο της αλληλεπίδρασης με το παιδί σου, σε πιο βαθμό ισχύουν τα πιο κάτω αναφορικά με τον τρόπο που επικοινωνήσατε: | Απέφυγα να συζητήσω κάποια δύσκολη πτυχή του ζητήματος.","{Δεν ισχύει καθόλου  0,Ισχύει σε μέτριο βαθμό  1,Ισχύει πάρα πολύ  2}",0,parent,single,B,30
68,"Μετά την αλληλεπίδραση με το παιδί σου, σε ποιο βαθμό ισχύουν τα πιο κάτω: | Ένιωσα ικανοποίηση για την κατάληξη της συζήτησης.","{Δεν ισχύει καθόλου 0,Ισχύει σε μέτριο βαθμό 1,Ισχύει πάρα πολύ 2}",0,parent,single,B,30
69,"Μετά την αλληλεπίδραση με το παιδί σου, σε ποιο βαθμό ισχύουν τα πιο κάτω: | Ζήτησα βοήθεια και υποστήριξη από κάποιον άλλο.","{Δεν ισχύει καθόλου  0,Ισχύει σε μέτριο βαθμό  1,Ισχύει πάρα πολύ  2}",0,parent,single,B,30
70,"Μετά την αλληλεπίδραση με το παιδί σου, σε ποιο βαθμό ισχύουν τα πιο κάτω: | Είχα ανήσυχες σκέψεις ή συναισθήματα για αυτό που συνέβηκε.","{Δεν ισχύει καθόλου 0,Ισχύει σε μέτριο βαθμό 1,Ισχύει πάρα πολύ 2}",0,parent,single,B,30
71,"Μετά την αλληλεπίδραση με το παιδί σου, σε ποιο βαθμό ισχύουν τα πιο κάτω: | Ένιωσα την ανάγκη να φάω ή να πιω για να αισθανθώ καλύτερα.","{Δεν ισχύει καθόλου  0,Ισχύει σε μέτριο βαθμό  1,Ισχύει πάρα πολύ  2}",0,parent,single,B,30
72,"Μετά την αλληλεπίδραση με το παιδί σου, σε ποιο βαθμό ισχύουν τα πιο κάτω: | Σκεφτόμουν τι συνέβηκε ώστε να βελτιώσω τον τρόπο που αλληλεπιδρούμε στο μέλλον.","{Δεν ισχύει καθόλου 0,Ισχύει σε μέτριο βαθμό 1,Ισχύει πάρα πολύ 2}",0,parent,single,B,30
73,Πως θα περιέγραφες την κατάσταση σου αυτή τη στιγμή; | Χαρούμενος/η και με καλή διάθεση,"{Δεν ισχύει καθόλου  0,Ισχύει σε μέτριο βαθμό  1,Ισχύει πάρα πολύ  2}",0,parent,single,C,30
74,Πως θα περιέγραφες την κατάσταση σου αυτή τη στιγμή; | Ήρεμος/η και γαλήνιος/α,"{Δεν ισχύει καθόλου 0,Ισχύει σε μέτριο βαθμό 1,Ισχύει πάρα πολύ 2}",0,parent,single,C,30
75,Πως θα περιέγραφες την κατάσταση σου αυτή τη στιγμή; | Ενεργητικός/η και δραστήριος/α,"{Δεν ισχύει καθόλου  0,Ισχύει σε μέτριο βαθμό  1,Ισχύει πάρα πολύ  2}",0,parent,single,C,30
76,Πως θα περιέγραφες την κατάσταση σου αυτή τη στιγμή; | Φρέσκος/α και ξεκούραστος/η,"{Δεν ισχύει καθόλου 0,Ισχύει σε μέτριο βαθμό 1,Ισχύει πάρα πολύ 2}",0,parent,single,C,30
77,Πως θα περιέγραφες την κατάσταση σου αυτή τη στιγμή; | Κάνω πράγματα που με ενδιαφέρουν,"{Δεν ισχύει καθόλου  0,Ισχύει σε μέτριο βαθμό  1,Ισχύει πάρα πολύ  2}",0,parent,single,C,30
84,"Κατά την αλληλεπίδραση με το παιδί σου, σε ποιο βαθμό ισχύουν τα πιο κάτω, στην προσπάθεια σου να διαχειριστείς τα συναισθήματα, σκέψεις, και συμπεριφορά σου: | Διατήρησα τον έλεγχο της συμπεριφοράς μου.","{Δεν ισχύει καθόλου 0,Ισχύει σε μέτριο βαθμό 1,Ισχύει πάρα πολύ 2}",0,parent,single,C,30
85,"Κατά την αλληλεπίδραση με το παιδί σου, σε ποιο βαθμό ισχύουν τα πιο κάτω, στην προσπάθεια σου να διαχειριστείς τα συναισθήματα, σκέψεις, και συμπεριφορά σου: | Μπορούσα να εστιάσω στην παρούσα στιγμή.","{Δεν ισχύει καθόλου  0,Ισχύει σε μέτριο βαθμό  1,Ισχύει πάρα πολύ  2}",0,parent,single,C,30
86,"Κατά την αλληλεπίδραση με το παιδί σου, σε ποιο βαθμό ισχύουν τα πιο κάτω, στην προσπάθεια σου να διαχειριστείς τα συναισθήματα, σκέψεις, και συμπεριφορά σου: | Αποδέχτηκα την κατάσταση έτσι όπως ήταν.","{Δεν ισχύει καθόλου 0,Ισχύει σε μέτριο βαθμό 1,Ισχύει πάρα πολύ 2}",0,parent,single,C,30
82,"Πως αισθάνθηκες, στο πλαίσιο της αλληλεπίδρασης;","{Θυμωμένος,Χαρούμενος,Συγκεντρωμένος,Αγχωμένος,Ήρεμος,Απογοητευμένος}",true,parent,single,C,30
115,"Αν ΝΑΙ, πως θα περιέγραφες την μαθησιακή σου απόδοση; | Έμαθα με επιτυχία το περιεχόμενο του μαθήματος. ","{Δεν ισχύει καθόλου 0,Ισχύει σε μέτριο βαθμό 1,Ισχύει πάρα πολύ 2}",true,child,single,A,30
87,"Κατά την αλληλεπίδραση με το παιδί σου, σε ποιο βαθμό ισχύουν τα πιο κάτω, στην προσπάθεια σου να διαχειριστείς τα συναισθήματα, σκέψεις, και συμπεριφορά σου: | Πίστευα ότι μπορούσα να αντιμετωπίσω αποτελεσματικά αυτό που συνέβαινε.","{Δεν ισχύει καθόλου  0,Ισχύει σε μέτριο βαθμό  1,Ισχύει πάρα πολύ  2}",0,parent,single,C,30
88,"Κατά την αλληλεπίδραση με το παιδί σου, σε ποιο βαθμό ισχύουν τα πιο κάτω, στην προσπάθεια σου να διαχειριστείς τα συναισθήματα, σκέψεις, και συμπεριφορά σου: | Επικεντρώθηκα στο να κάνω κάτι για να αλλάξω την κατάσταση.","{Δεν ισχύει καθόλου 0,Ισχύει σε μέτριο βαθμό 1,Ισχύει πάρα πολύ 2}",0,parent,single,C,30
89,"Κατά την αλληλεπίδραση με το παιδί σου, σε ποιο βαθμό ισχύουν τα πιο κάτω, στην προσπάθεια σου να διαχειριστείς τα συναισθήματα, σκέψεις, και συμπεριφορά σου: | Αποδέχτηκα τα συναισθήματα που ένιωθα.","{Δεν ισχύει καθόλου  0,Ισχύει σε μέτριο βαθμό  1,Ισχύει πάρα πολύ  2}",0,parent,single,C,30
91,"Κατά την αλληλεπίδραση με το παιδί σου, σε ποιο βαθμό ισχύουν τα πιο κάτω, στην προσπάθεια σου να διαχειριστείς τα συναισθήματα, σκέψεις, και συμπεριφορά σου: | Σκέφτηκα εκείνη την στιγμή ότι δεν ήμουν καλός/ή σε τίποτα.","{Δεν ισχύει καθόλου  0,Ισχύει σε μέτριο βαθμό  1,Ισχύει πάρα πολύ  2}",0,parent,single,C,30
92,"Στο πλαίσιο της αλληλεπίδρασης με το παιδί σου, σε πιο βαθμό ισχύουν τα πιο κάτω αναφορικά με τον τρόπο που επικοινωνήσατε: | Ρώτησα το παιδί μου τι νιώθει.","{Δεν ισχύει καθόλου 0,Ισχύει σε μέτριο βαθμό 1,Ισχύει πάρα πολύ 2}",0,parent,single,C,30
93,"Στο πλαίσιο της αλληλεπίδρασης με το παιδί σου, σε πιο βαθμό ισχύουν τα πιο κάτω αναφορικά με τον τρόπο που επικοινωνήσατε: | Μπήκα στη θέση του παιδιού μου και κατανόησα γιατί νιώθει όπως νιώθει.","{Δεν ισχύει καθόλου  0,Ισχύει σε μέτριο βαθμό  1,Ισχύει πάρα πολύ  2}",0,parent,single,C,30
94,"Στο πλαίσιο της αλληλεπίδρασης με το παιδί σου, σε πιο βαθμό ισχύουν τα πιο κάτω αναφορικά με τον τρόπο που επικοινωνήσατε: | Παρηγόρησα το παιδί μου.","{Δεν ισχύει καθόλου 0,Ισχύει σε μέτριο βαθμό 1,Ισχύει πάρα πολύ 2}",0,parent,single,C,30
95,"Στο πλαίσιο της αλληλεπίδρασης με το παιδί σου, σε πιο βαθμό ισχύουν τα πιο κάτω αναφορικά με τον τρόπο που επικοινωνήσατε: | Ακούσαμε ο ένας τον άλλο και συζητήσαμε, ώστε να βρούμε κοινή προσέγγιση.","{Δεν ισχύει καθόλου  0,Ισχύει σε μέτριο βαθμό  1,Ισχύει πάρα πολύ  2}",0,parent,single,C,30
96,"Στο πλαίσιο της αλληλεπίδρασης με το παιδί σου, σε πιο βαθμό ισχύουν τα πιο κάτω αναφορικά με τον τρόπο που επικοινωνήσατε: | Βοήθησα το παιδί μου να οργανωθεί για να κάνει όσα αναμένονται από αυτό.","{Δεν ισχύει καθόλου 0,Ισχύει σε μέτριο βαθμό 1,Ισχύει πάρα πολύ 2}",0,parent,single,C,30
97,"Στο πλαίσιο της αλληλεπίδρασης με το παιδί σου, σε πιο βαθμό ισχύουν τα πιο κάτω αναφορικά με τον τρόπο που επικοινωνήσατε: | Έκφρασα την τρυφερότητα προς το παιδί μου, με χαμόγελο ή αγκαλιά.","{Δεν ισχύει καθόλου  0,Ισχύει σε μέτριο βαθμό  1,Ισχύει πάρα πολύ  2}",0,parent,single,C,30
98,"Στο πλαίσιο της αλληλεπίδρασης με το παιδί σου, σε πιο βαθμό ισχύουν τα πιο κάτω αναφορικά με τον τρόπο που επικοινωνήσατε: | Είπα στο παιδί μου ότι το εκτιμώ για όσα προσπαθεί και καταφέρνει.","{Δεν ισχύει καθόλου 0,Ισχύει σε μέτριο βαθμό 1,Ισχύει πάρα πολύ 2}",0,parent,single,C,30
99,"Στο πλαίσιο της αλληλεπίδρασης με το παιδί σου, σε πιο βαθμό ισχύουν τα πιο κάτω αναφορικά με τον τρόπο που επικοινωνήσατε: | Ενθάρρυνα το παιδί μου να εκφραστεί ακόμα κι αν διαφωνούσα.","{Δεν ισχύει καθόλου  0,Ισχύει σε μέτριο βαθμό  1,Ισχύει πάρα πολύ  2}",0,parent,single,C,30
100,"Στο πλαίσιο της αλληλεπίδρασης με το παιδί σου, σε πιο βαθμό ισχύουν τα πιο κάτω αναφορικά με τον τρόπο που επικοινωνήσατε: | Εξήγησα στο παιδί μου γιατί υπάρχουν κανόνες και πρέπει να ακολουθούνται.","{Δεν ισχύει καθόλου 0,Ισχύει σε μέτριο βαθμό 1,Ισχύει πάρα πολύ 2}",0,parent,single,C,30
101,"Στο πλαίσιο της αλληλεπίδρασης με το παιδί σου, σε πιο βαθμό ισχύουν τα πιο κάτω αναφορικά με τον τρόπο που επικοινωνήσατε: | Εκφράστηκα με έντονο τρόπο, ώστε να πείσω το παιδί μου για αυτό που πίστευα.","{Δεν ισχύει καθόλου  0,Ισχύει σε μέτριο βαθμό  1,Ισχύει πάρα πολύ  2}",0,parent,single,C,30
102,"Στο πλαίσιο της αλληλεπίδρασης με το παιδί σου, σε πιο βαθμό ισχύουν τα πιο κάτω αναφορικά με τον τρόπο που επικοινωνήσατε: | Αφαίρεσα από το παιδί μου προνόμια ως τιμωρία.","{Δεν ισχύει καθόλου 0,Ισχύει σε μέτριο βαθμό 1,Ισχύει πάρα πολύ 2}",0,parent,single,C,30
103,"Στο πλαίσιο της αλληλεπίδρασης με το παιδί σου, σε πιο βαθμό ισχύουν τα πιο κάτω αναφορικά με τον τρόπο που επικοινωνήσατε: | Απέφυγα να συζητήσω κάποια δύσκολη πτυχή του ζητήματος.","{Δεν ισχύει καθόλου  0,Ισχύει σε μέτριο βαθμό  1,Ισχύει πάρα πολύ  2}",0,parent,single,C,30
104,"Μετά την αλληλεπίδραση με το παιδί σου, σε ποιο βαθμό ισχύουν τα πιο κάτω: | Ένιωσα ικανοποίηση για την κατάληξη της συζήτησης.","{Δεν ισχύει καθόλου 0,Ισχύει σε μέτριο βαθμό 1,Ισχύει πάρα πολύ 2}",0,parent,single,C,30
105,"Μετά την αλληλεπίδραση με το παιδί σου, σε ποιο βαθμό ισχύουν τα πιο κάτω: | Ζήτησα βοήθεια και υποστήριξη από κάποιον άλλο.","{Δεν ισχύει καθόλου  0,Ισχύει σε μέτριο βαθμό  1,Ισχύει πάρα πολύ  2}",0,parent,single,C,30
106,"Μετά την αλληλεπίδραση με το παιδί σου, σε ποιο βαθμό ισχύουν τα πιο κάτω: | Είχα ανήσυχες σκέψεις ή συναισθήματα για αυτό που συνέβηκε.","{Δεν ισχύει καθόλου 0,Ισχύει σε μέτριο βαθμό 1,Ισχύει πάρα πολύ 2}",0,parent,single,C,30
107,"Μετά την αλληλεπίδραση με το παιδί σου, σε ποιο βαθμό ισχύουν τα πιο κάτω: | Ένιωσα την ανάγκη να φάω ή να πιω για να αισθανθώ καλύτερα.","{Δεν ισχύει καθόλου  0,Ισχύει σε μέτριο βαθμό  1,Ισχύει πάρα πολύ  2}",0,parent,single,C,30
108,"Μετά την αλληλεπίδραση με το παιδί σου, σε ποιο βαθμό ισχύουν τα πιο κάτω: | Σκεφτόμουν τι συνέβηκε ώστε να βελτιώσω τον τρόπο που αλληλεπιδρούμε στο μέλλον.","{Δεν ισχύει καθόλου 0,Ισχύει σε μέτριο βαθμό 1,Ισχύει πάρα πολύ 2}",0,parent,single,C,30
109,Πως θα περιέγραφες την κατάσταση σου αυτή τη στιγμή; | Χαρούμενος/η και με καλή διάθεση,"{Δεν ισχύει καθόλου 0,Ισχύει σε μέτριο βαθμό 1,Ισχύει πάρα πολύ 2}",0,child,single,A,30
110,Πως θα περιέγραφες την κατάσταση σου αυτή τη στιγμή; | Ήρεμος/η και γαλήνιος/α,"{Δεν ισχύει καθόλου  0,Ισχύει σε μέτριο βαθμό  1,Ισχύει πάρα πολύ  2}",0,child,single,A,30
111,Πως θα περιέγραφες την κατάσταση σου αυτή τη στιγμή; | Ενεργητικός/η και δραστήριος/α,"{Δεν ισχύει καθόλου 0,Ισχύει σε μέτριο βαθμό 1,Ισχύει πάρα πολύ 2}",0,child,single,A,30
112,Πως θα περιέγραφες την κατάσταση σου αυτή τη στιγμή; | Φρέσκος/α και ξεκούραστος/η,"{Δεν ισχύει καθόλου  0,Ισχύει σε μέτριο βαθμό  1,Ισχύει πάρα πολύ  2}",0,child,single,A,30
113,Πως θα περιέγραφες την κατάσταση σου αυτή τη στιγμή; | Κάνω πράγματα που με ενδιαφέρουν,"{Δεν ισχύει καθόλου 0,Ισχύει σε μέτριο βαθμό 1,Ισχύει πάρα πολύ 2}",0,child,single,A,30
119,"Από το τελευταίο μπιπ, που βρισκόσουν; ","{Σπίτι,Σχολείο,Φροντιστήρια,Εξωσχολικές Δραστηριότητες,Κάπου αλλού}",0,child,multiple,A,30
120,Από το τελευταίο μπιπ υπήρχε αλληλεπίδραση με το πατέρα σου;,"{Ναι, ήμασταν μαζί στον ίδιο χώρο,Ναι, αλλά επικοινωνήσαμε μόνο διαδικτυακά, τηλεφωνικώς ή με μηνύματα,Όχι δεν είχαμε κάποια επικοινωνία}",0,child,single,A,30
18,"Κατά την αλληλεπίδραση με το παιδί σου, σε ποιο βαθμό ισχύουν τα πιο κάτω, στην προσπάθεια σου να διαχειριστείς τα συναισθήματα, σκέψεις, και συμπεριφορά σου: | Είπα πράγματα για να εκτονώσω τα δυσάρεστα συναισθήματα μου.","{Δεν ισχύει καθόλου 0,Ισχύει σε μέτριο βαθμό 1,Ισχύει πάρα πολύ 2}",0,parent,single,A,30
54,"Κατά την αλληλεπίδραση με το παιδί σου, σε ποιο βαθμό ισχύουν τα πιο κάτω, στην προσπάθεια σου να διαχειριστείς τα συναισθήματα, σκέψεις, και συμπεριφορά σου: | Είπα πράγματα για να εκτονώσω τα δυσάρεστα συναισθήματα μου.","{Δεν ισχύει καθόλου 0,Ισχύει σε μέτριο βαθμό 1,Ισχύει πάρα πολύ 2}",0,parent,single,B,30
90,"Κατά την αλληλεπίδραση με το παιδί σου, σε ποιο βαθμό ισχύουν τα πιο κάτω, στην προσπάθεια σου να διαχειριστείς τα συναισθήματα, σκέψεις, και συμπεριφορά σου: | Είπα πράγματα για να εκτονώσω τα δυσάρεστα συναισθήματα μου.","{Δεν ισχύει καθόλου 0,Ισχύει σε μέτριο βαθμό 1,Ισχύει πάρα πολύ 2}",0,parent,single,C,30
7,Αν ναί... Φέρε στο μυαλό σου την πιο πρόσφατη αλληλεπίδραση με αυτό το παιδί σου,"{Σπίτι,Σχολείο,Αυτοκίνητο,Αλλού με Φυσική Παρουσία,Διαδικτυακά, τηλεφωνικώς, ή με μηνύματα}",true,parent,multiple,A,30
80,Ποιοι άλλοι ήταν μαζί σας;,"{Άλλος γονέας,Αδέλφια του παιδιού,Άλλοι συγγενείς,Φίλοι του παιδιού,Καθηγητές,Κανένας}",true,parent,multiple,C,30
9,Tι αφορούσε η αλληλεπίδραση;,"{Σχέσεις του παιδιού στην οικογένεια,Σχέσεις του παιδιού με φίλους,Σχέσεις του παιδιού για το άτομο που το ενδιαφέρει,Σχολείο και Διάβασμα,Ιατρικά θέματα στην οικογένεια,Συναισθηματικές δυσκολίες στην οικογένεια,Άλλο}",true,parent,multiple,A,30
